id,judul_berita
1,Skandal ekonomi melibatkan tokoh penting
2,Skandal transportasi melibatkan tokoh penting
3,Tren kesehatan diprediksi akan mendominasi tahun ini
4,Skandal olahraga melibatkan tokoh penting
5,Perubahan regulasi pendidikan picu pro dan kontra
6,Skandal politik melibatkan tokoh penting
7,Pakar jelaskan dampak kesehatan terhadap masyarakat
8,Penelitian terbaru ungkap fakta mengejutkan tentang teknologi
9,Pakar jelaskan dampak hiburan terhadap masyarakat
10,Perubahan regulasi kriminal picu pro dan kontra
11,Festival pendidikan sukses menarik wisatawan
12,Perubahan regulasi lingkungan picu pro dan kontra
13,Tim nasional raih kemenangan dalam ajang ekonomi internasional
14,Tren kesehatan diprediksi akan mendominasi tahun ini
15,Perubahan regulasi hiburan picu pro dan kontra
16,Pemerintah umumkan kebijakan baru terkait lingkungan di tahun 2026
17,Perubahan regulasi kesehatan picu pro dan kontra
18,Startup lokal kembangkan solusi hiburan berbasis AI
19,Perubahan regulasi teknologi picu pro dan kontra
20,Penelitian terbaru ungkap fakta mengejutkan tentang lingkungan
21,Harga olahraga mengalami kenaikan signifikan di pasar global
22,Penelitian terbaru ungkap fakta mengejutkan tentang politik
23,Bencana teknologi berdampak pada ribuan warga
24,Inovasi terbaru di bidang politik menarik perhatian dunia
25,Kasus kesehatan meningkat di beberapa daerah besar
26,Startup lokal kembangkan solusi lingkungan berbasis AI
27,Perubahan regulasi pendidikan picu pro dan kontra
28,Startup lokal kembangkan solusi lingkungan berbasis AI
29,Kasus politik meningkat di beberapa daerah besar
30,Kasus lingkungan meningkat di beberapa daerah besar
31,Investasi di sektor kriminal meningkat pesat
32,Tim nasional raih kemenangan dalam ajang transportasi internasional
33,Tren lingkungan diprediksi akan mendominasi tahun ini
34,Festival kriminal sukses menarik wisatawan
35,Inovasi terbaru di bidang transportasi menarik perhatian dunia
36,Kasus kesehatan meningkat di beberapa daerah besar
37,Inovasi terbaru di bidang pendidikan menarik perhatian dunia
38,Penelitian terbaru ungkap fakta mengejutkan tentang lingkungan
39,Investasi di sektor pendidikan meningkat pesat
40,Perubahan regulasi transportasi picu pro dan kontra
41,Perubahan regulasi politik picu pro dan kontra
42,Perubahan regulasi olahraga picu pro dan kontra
43,Perubahan regulasi politik picu pro dan kontra
44,Bencana teknologi berdampak pada ribuan warga
45,Perubahan regulasi hiburan picu pro dan kontra
46,Skandal kesehatan melibatkan tokoh penting
47,Penelitian terbaru ungkap fakta mengejutkan tentang ekonomi
48,Inovasi terbaru di bidang kesehatan menarik perhatian dunia
49,Program baru dorong perkembangan pendidikan di daerah
50,Tim nasional raih kemenangan dalam ajang kriminal internasional
51,Penelitian terbaru ungkap fakta mengejutkan tentang transportasi
52,Program baru dorong perkembangan transportasi di daerah
53,Pemerintah umumkan kebijakan baru terkait pendidikan di tahun 2026
54,Penelitian terbaru ungkap fakta mengejutkan tentang pendidikan
55,Investasi di sektor pendidikan meningkat pesat
56,Perubahan regulasi kriminal picu pro dan kontra
57,Investasi di sektor hiburan meningkat pesat
58,Tim nasional raih kemenangan dalam ajang hiburan internasional
59,Perubahan regulasi teknologi picu pro dan kontra
60,Tren ekonomi diprediksi akan mendominasi tahun ini
61,Bencana hiburan berdampak pada ribuan warga
62,Skandal olahraga melibatkan tokoh penting
63,Tim nasional raih kemenangan dalam ajang teknologi internasional
64,Investasi di sektor hiburan meningkat pesat
65,Skandal ekonomi melibatkan tokoh penting
66,Startup lokal kembangkan solusi kriminal berbasis AI
67,Harga transportasi mengalami kenaikan signifikan di pasar global
68,Kasus pendidikan meningkat di beberapa daerah besar
69,Harga olahraga mengalami kenaikan signifikan di pasar global
70,Investasi di sektor politik meningkat pesat
71,Program baru dorong perkembangan politik di daerah
72,Program baru dorong perkembangan ekonomi di daerah
73,Startup lokal kembangkan solusi kesehatan berbasis AI
74,Pemerintah umumkan kebijakan baru terkait pendidikan di tahun 2026
75,Investasi di sektor ekonomi meningkat pesat
76,Tim nasional raih kemenangan dalam ajang pendidikan internasional
77,Bencana teknologi berdampak pada ribuan warga
78,Program baru dorong perkembangan kesehatan di daerah
79,Pakar jelaskan dampak kesehatan terhadap masyarakat
80,Tim nasional raih kemenangan dalam ajang politik internasional
81,Harga ekonomi mengalami kenaikan signifikan di pasar global
82,Skandal ekonomi melibatkan tokoh penting
83,Kasus kesehatan meningkat di beberapa daerah besar
84,Skandal olahraga melibatkan tokoh penting
85,Program baru dorong perkembangan politik di daerah
86,Harga pendidikan mengalami kenaikan signifikan di pasar global
87,Investasi di sektor kesehatan meningkat pesat
88,Tren politik diprediksi akan mendominasi tahun ini
89,Harga teknologi mengalami kenaikan signifikan di pasar global
90,Kasus ekonomi meningkat di beberapa daerah besar
91,Pemerintah umumkan kebijakan baru terkait transportasi di tahun 2026
92,Tren pendidikan diprediksi akan mendominasi tahun ini
93,Pakar jelaskan dampak olahraga terhadap masyarakat
94,Tim nasional raih kemenangan dalam ajang politik internasional
95,Skandal ekonomi melibatkan tokoh penting
96,Tren politik diprediksi akan mendominasi tahun ini
97,Program baru dorong perkembangan olahraga di daerah
98,Startup lokal kembangkan solusi hiburan berbasis AI
99,Penelitian terbaru ungkap fakta mengejutkan tentang kesehatan
100,Program baru dorong perkembangan ekonomi di daerah
101,Tren transportasi diprediksi akan mendominasi tahun ini
102,Pemerintah umumkan kebijakan baru terkait teknologi di tahun 2026
103,Penelitian terbaru ungkap fakta mengejutkan tentang politik
104,Pemerintah umumkan kebijakan baru terkait kriminal di tahun 2026
105,Investasi di sektor ekonomi meningkat pesat
106,Startup lokal kembangkan solusi teknologi berbasis AI
107,Festival transportasi sukses menarik wisatawan
108,Inovasi terbaru di bidang ekonomi menarik perhatian dunia
109,Harga kriminal mengalami kenaikan signifikan di pasar global
110,Penelitian terbaru ungkap fakta mengejutkan tentang politik
111,Kasus hiburan meningkat di beberapa daerah besar
112,Pemerintah umumkan kebijakan baru terkait lingkungan di tahun 2026
113,Tim nasional raih kemenangan dalam ajang politik internasional
114,Bencana kriminal berdampak pada ribuan warga
115,Program baru dorong perkembangan kesehatan di daerah
116,Kasus pendidikan meningkat di beberapa daerah besar
117,Investasi di sektor politik meningkat pesat
118,Harga pendidikan mengalami kenaikan signifikan di pasar global
119,Skandal olahraga melibatkan tokoh penting
120,Tim nasional raih kemenangan dalam ajang ekonomi internasional
121,Pakar jelaskan dampak politik terhadap masyarakat
122,Tren teknologi diprediksi akan mendominasi tahun ini
123,Bencana teknologi berdampak pada ribuan warga
124,Startup lokal kembangkan solusi kesehatan berbasis AI
125,Tren hiburan diprediksi akan mendominasi tahun ini
126,Pakar jelaskan dampak lingkungan terhadap masyarakat
127,Bencana teknologi berdampak pada ribuan warga
128,Harga hiburan mengalami kenaikan signifikan di pasar global
129,Kasus pendidikan meningkat di beberapa daerah besar
130,Kasus lingkungan meningkat di beberapa daerah besar
131,Harga transportasi mengalami kenaikan signifikan di pasar global
132,Tim nasional raih kemenangan dalam ajang hiburan internasional
133,Pakar jelaskan dampak politik terhadap masyarakat
134,Program baru dorong perkembangan teknologi di daerah
135,Kasus transportasi meningkat di beberapa daerah besar
136,Program baru dorong perkembangan olahraga di daerah
137,Pakar jelaskan dampak kesehatan terhadap masyarakat
138,Kasus lingkungan meningkat di beberapa daerah besar
139,Tren ekonomi diprediksi akan mendominasi tahun ini
140,Harga ekonomi mengalami kenaikan signifikan di pasar global
141,Investasi di sektor politik meningkat pesat
142,Bencana teknologi berdampak pada ribuan warga
143,Inovasi terbaru di bidang kriminal menarik perhatian dunia
144,Program baru dorong perkembangan hiburan di daerah
145,Penelitian terbaru ungkap fakta mengejutkan tentang transportasi
146,Kasus teknologi meningkat di beberapa daerah besar
147,Inovasi terbaru di bidang lingkungan menarik perhatian dunia
148,Pakar jelaskan dampak hiburan terhadap masyarakat
149,Pemerintah umumkan kebijakan baru terkait olahraga di tahun 2026
150,Program baru dorong perkembangan olahraga di daerah
151,Pakar jelaskan dampak pendidikan terhadap masyarakat
152,Harga olahraga mengalami kenaikan signifikan di pasar global
153,Investasi di sektor ekonomi meningkat pesat
154,Skandal transportasi melibatkan tokoh penting
155,Kasus ekonomi meningkat di beberapa daerah besar
156,Program baru dorong perkembangan kesehatan di daerah
157,Pemerintah umumkan kebijakan baru terkait teknologi di tahun 2026
158,Investasi di sektor kesehatan meningkat pesat
159,Penelitian terbaru ungkap fakta mengejutkan tentang politik
160,Investasi di sektor olahraga meningkat pesat
161,Tren lingkungan diprediksi akan mendominasi tahun ini
162,Pakar jelaskan dampak lingkungan terhadap masyarakat
163,Inovasi terbaru di bidang hiburan menarik perhatian dunia
164,Tim nasional raih kemenangan dalam ajang ekonomi internasional
165,Festival teknologi sukses menarik wisatawan
166,Tim nasional raih kemenangan dalam ajang hiburan internasional
167,Inovasi terbaru di bidang olahraga menarik perhatian dunia
168,Tren hiburan diprediksi akan mendominasi tahun ini
169,Kasus lingkungan meningkat di beberapa daerah besar
170,Pakar jelaskan dampak kesehatan terhadap masyarakat
171,Kasus politik meningkat di beberapa daerah besar
172,Harga politik mengalami kenaikan signifikan di pasar global
173,Program baru dorong perkembangan teknologi di daerah
174,Perubahan regulasi teknologi picu pro dan kontra
175,Startup lokal kembangkan solusi kesehatan berbasis AI
176,Tim nasional raih kemenangan dalam ajang olahraga internasional
177,Pemerintah umumkan kebijakan baru terkait politik di tahun 2026
178,Pemerintah umumkan kebijakan baru terkait olahraga di tahun 2026
179,Program baru dorong perkembangan kesehatan di daerah
180,Perubahan regulasi pendidikan picu pro dan kontra
181,Harga teknologi mengalami kenaikan signifikan di pasar global
182,Tren kesehatan diprediksi akan mendominasi tahun ini
183,Kasus olahraga meningkat di beberapa daerah besar
184,Perubahan regulasi lingkungan picu pro dan kontra
185,Perubahan regulasi teknologi picu pro dan kontra
186,Investasi di sektor politik meningkat pesat
187,Investasi di sektor lingkungan meningkat pesat
188,Bencana ekonomi berdampak pada ribuan warga
189,Kasus pendidikan meningkat di beberapa daerah besar
190,Investasi di sektor teknologi meningkat pesat
191,Tim nasional raih kemenangan dalam ajang hiburan internasional
192,Kasus pendidikan meningkat di beberapa daerah besar
193,Kasus transportasi meningkat di beberapa daerah besar
194,Bencana kesehatan berdampak pada ribuan warga
195,Investasi di sektor kesehatan meningkat pesat
196,Investasi di sektor kesehatan meningkat pesat
197,Bencana hiburan berdampak pada ribuan warga
198,Tim nasional raih kemenangan dalam ajang pendidikan internasional
199,Startup lokal kembangkan solusi hiburan berbasis AI
200,Tren hiburan diprediksi akan mendominasi tahun ini
201,Kasus pendidikan meningkat di beberapa daerah besar
202,Penelitian terbaru ungkap fakta mengejutkan tentang teknologi
203,Kasus lingkungan meningkat di beberapa daerah besar
204,Perubahan regulasi politik picu pro dan kontra
205,Startup lokal kembangkan solusi lingkungan berbasis AI
206,Harga ekonomi mengalami kenaikan signifikan di pasar global
207,Festival hiburan sukses menarik wisatawan
208,Tren lingkungan diprediksi akan mendominasi tahun ini
209,Perubahan regulasi hiburan picu pro dan kontra
210,Inovasi terbaru di bidang lingkungan menarik perhatian dunia
211,Startup lokal kembangkan solusi pendidikan berbasis AI
212,Tim nasional raih kemenangan dalam ajang kesehatan internasional
213,Program baru dorong perkembangan hiburan di daerah
214,Pakar jelaskan dampak pendidikan terhadap masyarakat
215,Penelitian terbaru ungkap fakta mengejutkan tentang olahraga
216,Perubahan regulasi kesehatan picu pro dan kontra
217,Kasus ekonomi meningkat di beberapa daerah besar
218,Startup lokal kembangkan solusi teknologi berbasis AI
219,Startup lokal kembangkan solusi pendidikan berbasis AI
220,Investasi di sektor hiburan meningkat pesat
221,Festival transportasi sukses menarik wisatawan
222,Startup lokal kembangkan solusi kesehatan berbasis AI
223,Kasus teknologi meningkat di beberapa daerah besar
224,Investasi di sektor kriminal meningkat pesat
225,Penelitian terbaru ungkap fakta mengejutkan tentang ekonomi
226,Harga politik mengalami kenaikan signifikan di pasar global
227,Program baru dorong perkembangan transportasi di daerah
228,Pemerintah umumkan kebijakan baru terkait lingkungan di tahun 2026
229,Kasus lingkungan meningkat di beberapa daerah besar
230,Investasi di sektor ekonomi meningkat pesat
231,Program baru dorong perkembangan kriminal di daerah
232,Skandal pendidikan melibatkan tokoh penting
233,Penelitian terbaru ungkap fakta mengejutkan tentang olahraga
234,Pemerintah umumkan kebijakan baru terkait ekonomi di tahun 2026
235,Investasi di sektor ekonomi meningkat pesat
236,Pemerintah umumkan kebijakan baru terkait ekonomi di tahun 2026
237,Skandal hiburan melibatkan tokoh penting
238,Bencana politik berdampak pada ribuan warga
239,Festival teknologi sukses menarik wisatawan
240,Pakar jelaskan dampak olahraga terhadap masyarakat
241,Tim nasional raih kemenangan dalam ajang teknologi internasional
242,Investasi di sektor hiburan meningkat pesat
243,Penelitian terbaru ungkap fakta mengejutkan tentang pendidikan
244,Program baru dorong perkembangan lingkungan di daerah
245,Bencana kriminal berdampak pada ribuan warga
246,Pemerintah umumkan kebijakan baru terkait lingkungan di tahun 2026
247,Startup lokal kembangkan solusi olahraga berbasis AI
248,Festival hiburan sukses menarik wisatawan
249,Investasi di sektor lingkungan meningkat pesat
250,Festival teknologi sukses menarik wisatawan
251,Inovasi terbaru di bidang transportasi menarik perhatian dunia
252,Investasi di sektor olahraga meningkat pesat
253,Program baru dorong perkembangan teknologi di daerah
254,Startup lokal kembangkan solusi olahraga berbasis AI
255,Tren hiburan diprediksi akan mendominasi tahun ini
256,Program baru dorong perkembangan hiburan di daerah
257,Penelitian terbaru ungkap fakta mengejutkan tentang hiburan
258,Festival ekonomi sukses menarik wisatawan
259,Penelitian terbaru ungkap fakta mengejutkan tentang teknologi
260,Perubahan regulasi politik picu pro dan kontra
261,Tim nasional raih kemenangan dalam ajang ekonomi internasional
262,Tim nasional raih kemenangan dalam ajang hiburan internasional
263,Penelitian terbaru ungkap fakta mengejutkan tentang kriminal
264,Perubahan regulasi kriminal picu pro dan kontra
265,Startup lokal kembangkan solusi hiburan berbasis AI
266,Pemerintah umumkan kebijakan baru terkait hiburan di tahun 2026
267,Pemerintah umumkan kebijakan baru terkait kriminal di tahun 2026
268,Bencana hiburan berdampak pada ribuan warga
269,Program baru dorong perkembangan kesehatan di daerah
270,Inovasi terbaru di bidang olahraga menarik perhatian dunia
271,Investasi di sektor politik meningkat pesat
272,Kasus transportasi meningkat di beberapa daerah besar
273,Investasi di sektor lingkungan meningkat pesat
274,Startup lokal kembangkan solusi ekonomi berbasis AI
275,Kasus transportasi meningkat di beberapa daerah besar
276,Penelitian terbaru ungkap fakta mengejutkan tentang kriminal
277,Tim nasional raih kemenangan dalam ajang pendidikan internasional
278,Tim nasional raih kemenangan dalam ajang kesehatan internasional
279,Skandal pendidikan melibatkan tokoh penting
280,Kasus kriminal meningkat di beberapa daerah besar
281,Harga transportasi mengalami kenaikan signifikan di pasar global
282,Penelitian terbaru ungkap fakta mengejutkan tentang ekonomi
283,Startup lokal kembangkan solusi pendidikan berbasis AI
284,Tren pendidikan diprediksi akan mendominasi tahun ini
285,Harga ekonomi mengalami kenaikan signifikan di pasar global
286,Startup lokal kembangkan solusi kesehatan berbasis AI
287,Bencana transportasi berdampak pada ribuan warga
288,Harga transportasi mengalami kenaikan signifikan di pasar global
289,Inovasi terbaru di bidang transportasi menarik perhatian dunia
290,Investasi di sektor kesehatan meningkat pesat
291,Penelitian terbaru ungkap fakta mengejutkan tentang hiburan
292,Tim nasional raih kemenangan dalam ajang hiburan internasional
293,Skandal lingkungan melibatkan tokoh penting
294,Harga kriminal mengalami kenaikan signifikan di pasar global
295,Perubahan regulasi pendidikan picu pro dan kontra
296,Bencana kriminal berdampak pada ribuan warga
297,Skandal pendidikan melibatkan tokoh penting
298,Bencana transportasi berdampak pada ribuan warga
299,Tren pendidikan diprediksi akan mendominasi tahun ini
300,Startup lokal kembangkan solusi pendidikan berbasis AI
301,Startup lokal kembangkan solusi ekonomi berbasis AI
302,Bencana olahraga berdampak pada ribuan warga
303,Skandal politik melibatkan tokoh penting
304,Kasus politik meningkat di beberapa daerah besar
305,Tim nasional raih kemenangan dalam ajang ekonomi internasional
306,Inovasi terbaru di bidang ekonomi menarik perhatian dunia
307,Skandal transportasi melibatkan tokoh penting
308,Tim nasional raih kemenangan dalam ajang teknologi internasional
309,Investasi di sektor hiburan meningkat pesat
310,Bencana transportasi berdampak pada ribuan warga
311,Bencana lingkungan berdampak pada ribuan warga
312,Pakar jelaskan dampak olahraga terhadap masyarakat
313,Skandal politik melibatkan tokoh penting
314,Bencana lingkungan berdampak pada ribuan warga
315,Tim nasional raih kemenangan dalam ajang politik internasional
316,Perubahan regulasi kriminal picu pro dan kontra
317,Festival kesehatan sukses menarik wisatawan
318,Investasi di sektor olahraga meningkat pesat
319,Kasus pendidikan meningkat di beberapa daerah besar
320,Investasi di sektor lingkungan meningkat pesat
321,Inovasi terbaru di bidang pendidikan menarik perhatian dunia
322,Pemerintah umumkan kebijakan baru terkait transportasi di tahun 2026
323,Startup lokal kembangkan solusi teknologi berbasis AI
324,Skandal teknologi melibatkan tokoh penting
325,Harga teknologi mengalami kenaikan signifikan di pasar global
326,Inovasi terbaru di bidang kesehatan menarik perhatian dunia
327,Penelitian terbaru ungkap fakta mengejutkan tentang hiburan
328,Pakar jelaskan dampak olahraga terhadap masyarakat
329,Startup lokal kembangkan solusi lingkungan berbasis AI
330,Tren ekonomi diprediksi akan mendominasi tahun ini
331,Tren olahraga diprediksi akan mendominasi tahun ini
332,Tim nasional raih kemenangan dalam ajang lingkungan internasional
333,Bencana lingkungan berdampak pada ribuan warga
334,Kasus olahraga meningkat di beberapa daerah besar
335,Festival transportasi sukses menarik wisatawan
336,Startup lokal kembangkan solusi transportasi berbasis AI
337,Investasi di sektor ekonomi meningkat pesat
338,Tim nasional raih kemenangan dalam ajang ekonomi internasional
339,Tren pendidikan diprediksi akan mendominasi tahun ini
340,Program baru dorong perkembangan kesehatan di daerah
341,Inovasi terbaru di bidang pendidikan menarik perhatian dunia
342,Investasi di sektor kesehatan meningkat pesat
343,Festival teknologi sukses menarik wisatawan
344,Penelitian terbaru ungkap fakta mengejutkan tentang lingkungan
345,Festival kesehatan sukses menarik wisatawan
346,Tren olahraga diprediksi akan mendominasi tahun ini
347,Tren pendidikan diprediksi akan mendominasi tahun ini
348,Festival lingkungan sukses menarik wisatawan
349,Harga ekonomi mengalami kenaikan signifikan di pasar global
350,Skandal teknologi melibatkan tokoh penting
351,Startup lokal kembangkan solusi ekonomi berbasis AI
352,Pemerintah umumkan kebijakan baru terkait teknologi di tahun 2026
353,Investasi di sektor lingkungan meningkat pesat
354,Pakar jelaskan dampak olahraga terhadap masyarakat
355,Startup lokal kembangkan solusi kriminal berbasis AI
356,Kasus hiburan meningkat di beberapa daerah besar
357,Startup lokal kembangkan solusi transportasi berbasis AI
358,Kasus pendidikan meningkat di beberapa daerah besar
359,Festival lingkungan sukses menarik wisatawan
360,Festival kesehatan sukses menarik wisatawan
361,Investasi di sektor lingkungan meningkat pesat
362,Harga teknologi mengalami kenaikan signifikan di pasar global
363,Tim nasional raih kemenangan dalam ajang kriminal internasional
364,Tim nasional raih kemenangan dalam ajang ekonomi internasional
365,Kasus lingkungan meningkat di beberapa daerah besar
366,Pemerintah umumkan kebijakan baru terkait kesehatan di tahun 2026
367,Perubahan regulasi olahraga picu pro dan kontra
368,Harga kriminal mengalami kenaikan signifikan di pasar global
369,Festival ekonomi sukses menarik wisatawan
370,Pemerintah umumkan kebijakan baru terkait kriminal di tahun 2026
371,Pakar jelaskan dampak teknologi terhadap masyarakat
372,Tim nasional raih kemenangan dalam ajang politik internasional
373,Investasi di sektor politik meningkat pesat
374,Perubahan regulasi pendidikan picu pro dan kontra
375,Penelitian terbaru ungkap fakta mengejutkan tentang teknologi
376,Festival teknologi sukses menarik wisatawan
377,Penelitian terbaru ungkap fakta mengejutkan tentang lingkungan
378,Investasi di sektor teknologi meningkat pesat
379,Investasi di sektor kesehatan meningkat pesat
380,Perubahan regulasi politik picu pro dan kontra
381,Tren politik diprediksi akan mendominasi tahun ini
382,Program baru dorong perkembangan teknologi di daerah
383,Skandal teknologi melibatkan tokoh penting
384,Inovasi terbaru di bidang transportasi menarik perhatian dunia
385,Harga kesehatan mengalami kenaikan signifikan di pasar global
386,Skandal pendidikan melibatkan tokoh penting
387,Festival teknologi sukses menarik wisatawan
388,Perubahan regulasi kriminal picu pro dan kontra
389,Harga hiburan mengalami kenaikan signifikan di pasar global
390,Pakar jelaskan dampak hiburan terhadap masyarakat
391,Kasus teknologi meningkat di beberapa daerah besar
392,Pakar jelaskan dampak olahraga terhadap masyarakat
393,Perubahan regulasi kesehatan picu pro dan kontra
394,Tren kesehatan diprediksi akan mendominasi tahun ini
395,Perubahan regulasi pendidikan picu pro dan kontra
396,Tim nasional raih kemenangan dalam ajang ekonomi internasional
397,Pakar jelaskan dampak pendidikan terhadap masyarakat
398,Tim nasional raih kemenangan dalam ajang transportasi internasional
399,Bencana kriminal berdampak pada ribuan warga
400,Pakar jelaskan dampak hiburan terhadap masyarakat
401,Pemerintah umumkan kebijakan baru terkait lingkungan di tahun 2026
402,Kasus transportasi meningkat di beberapa daerah besar
403,Pemerintah umumkan kebijakan baru terkait ekonomi di tahun 2026
404,Skandal ekonomi melibatkan tokoh penting
405,Kasus kesehatan meningkat di beberapa daerah besar
406,Bencana kesehatan berdampak pada ribuan warga
407,Investasi di sektor transportasi meningkat pesat
408,Kasus kriminal meningkat di beberapa daerah besar
409,Kasus kesehatan meningkat di beberapa daerah besar
410,Penelitian terbaru ungkap fakta mengejutkan tentang hiburan
411,Investasi di sektor pendidikan meningkat pesat
412,Inovasi terbaru di bidang olahraga menarik perhatian dunia
413,Perubahan regulasi olahraga picu pro dan kontra
414,Skandal lingkungan melibatkan tokoh penting
415,Penelitian terbaru ungkap fakta mengejutkan tentang kesehatan
416,Kasus hiburan meningkat di beberapa daerah besar
417,Investasi di sektor transportasi meningkat pesat
418,Tim nasional raih kemenangan dalam ajang lingkungan internasional
419,Startup lokal kembangkan solusi transportasi berbasis AI
420,Kasus hiburan meningkat di beberapa daerah besar
421,Perubahan regulasi ekonomi picu pro dan kontra
422,Harga transportasi mengalami kenaikan signifikan di pasar global
423,Tren kesehatan diprediksi akan mendominasi tahun ini
424,Harga lingkungan mengalami kenaikan signifikan di pasar global
425,Pemerintah umumkan kebijakan baru terkait pendidikan di tahun 2026
426,Tim nasional raih kemenangan dalam ajang teknologi internasional
427,Penelitian terbaru ungkap fakta mengejutkan tentang transportasi
428,Pemerintah umumkan kebijakan baru terkait lingkungan di tahun 2026
429,Investasi di sektor kesehatan meningkat pesat
430,Skandal politik melibatkan tokoh penting
431,Kasus politik meningkat di beberapa daerah besar
432,Festival ekonomi sukses menarik wisatawan
433,Penelitian terbaru ungkap fakta mengejutkan tentang transportasi
434,Program baru dorong perkembangan transportasi di daerah
435,Pemerintah umumkan kebijakan baru terkait kesehatan di tahun 2026
436,Tren politik diprediksi akan mendominasi tahun ini
437,Harga pendidikan mengalami kenaikan signifikan di pasar global
438,Bencana kesehatan berdampak pada ribuan warga
439,Skandal politik melibatkan tokoh penting
440,Festival pendidikan sukses menarik wisatawan
441,Kasus pendidikan meningkat di beberapa daerah besar
442,Pemerintah umumkan kebijakan baru terkait kriminal di tahun 2026
443,Perubahan regulasi kriminal picu pro dan kontra
444,Perubahan regulasi pendidikan picu pro dan kontra
445,Perubahan regulasi politik picu pro dan kontra
446,Inovasi terbaru di bidang teknologi menarik perhatian dunia
447,Pemerintah umumkan kebijakan baru terkait kriminal di tahun 2026
448,Tim nasional raih kemenangan dalam ajang teknologi internasional
449,Perubahan regulasi ekonomi picu pro dan kontra
450,Program baru dorong perkembangan politik di daerah
451,Investasi di sektor olahraga meningkat pesat
452,Startup lokal kembangkan solusi hiburan berbasis AI
453,Program baru dorong perkembangan ekonomi di daerah
454,Pakar jelaskan dampak pendidikan terhadap masyarakat
455,Festival teknologi sukses menarik wisatawan
456,Pakar jelaskan dampak ekonomi terhadap masyarakat
457,Penelitian terbaru ungkap fakta mengejutkan tentang politik
458,Perubahan regulasi kesehatan picu pro dan kontra
459,Penelitian terbaru ungkap fakta mengejutkan tentang ekonomi
460,Penelitian terbaru ungkap fakta mengejutkan tentang politik
461,Kasus kesehatan meningkat di beberapa daerah besar
462,Bencana kriminal berdampak pada ribuan warga
463,Program baru dorong perkembangan transportasi di daerah
464,Bencana teknologi berdampak pada ribuan warga
465,Festival kesehatan sukses menarik wisatawan
466,Program baru dorong perkembangan pendidikan di daerah
467,Investasi di sektor transportasi meningkat pesat
468,Penelitian terbaru ungkap fakta mengejutkan tentang kesehatan
469,Tim nasional raih kemenangan dalam ajang teknologi internasional
470,Startup lokal kembangkan solusi kesehatan berbasis AI
471,Festival kesehatan sukses menarik wisatawan
472,Tren kesehatan diprediksi akan mendominasi tahun ini
473,Penelitian terbaru ungkap fakta mengejutkan tentang pendidikan
474,Tim nasional raih kemenangan dalam ajang pendidikan internasional
475,Program baru dorong perkembangan olahraga di daerah
476,Penelitian terbaru ungkap fakta mengejutkan tentang transportasi
477,Pakar jelaskan dampak kesehatan terhadap masyarakat
478,Bencana kesehatan berdampak pada ribuan warga
479,Harga teknologi mengalami kenaikan signifikan di pasar global
480,Investasi di sektor kriminal meningkat pesat
481,Perubahan regulasi kriminal picu pro dan kontra
482,Kasus kesehatan meningkat di beberapa daerah besar
483,Startup lokal kembangkan solusi lingkungan berbasis AI
484,Perubahan regulasi ekonomi picu pro dan kontra
485,Startup lokal kembangkan solusi hiburan berbasis AI
486,Penelitian terbaru ungkap fakta mengejutkan tentang politik
487,Pakar jelaskan dampak lingkungan terhadap masyarakat
488,Skandal ekonomi melibatkan tokoh penting
489,Festival kesehatan sukses menarik wisatawan
490,Harga ekonomi mengalami kenaikan signifikan di pasar global
491,Kasus ekonomi meningkat di beberapa daerah besar
492,Festival teknologi sukses menarik wisatawan
493,Bencana teknologi berdampak pada ribuan warga
494,Pemerintah umumkan kebijakan baru terkait lingkungan di tahun 2026
495,Festival lingkungan sukses menarik wisatawan
496,Startup lokal kembangkan solusi teknologi berbasis AI
497,Penelitian terbaru ungkap fakta mengejutkan tentang lingkungan
498,Startup lokal kembangkan solusi olahraga berbasis AI
499,Inovasi terbaru di bidang teknologi menarik perhatian dunia
500,Penelitian terbaru ungkap fakta mengejutkan tentang transportasi
