id,date,text,word_count,char_count,avg_word_length,length_cluster,length_cluster_label,length_cluster_center_words
145055,2026-03-29T15:59:32+00:00," 
 
 
Jujur, nulis ini lebih susah dari yang aku kira. Soalnya aku sadar, setelah semua yang kita lewatin bareng, ternyata kita sampai juga di bagian yang namanya perpisahan.

Rasanya aneh. Dulu kita ketemu hampir setiap hari, ketawa bareng, cerita hal-hal nggak penting, saling nyebelin, saling bantu, saling dengerin cerita. Hal-hal yang dulu terasa biasa aja, sekarang malah jadi hal yang paling bakal dirinduin.

Aku sedih, bukan karena kita berpisah. Tapi karena aku tahu, setelah ini semuanya nggak akan sama lagi. Nggak akan ada momen spontan kumpul, nggak akan ada cerita random di waktu yang nggak tepat, nggak akan ada ketawa bareng cuma gara-gara hal sepele. Kita bakal sibuk sama hidup masing-masing, sama tujuan masing-masing, sama jalan kita masing-masing.

Tapi dari semua yang berubah nanti, aku harap satu hal nggak berubah — kita. Aku harap kita masih saling ingat, masih saling sapa kalau ketemu, masih bisa ketawa bareng walaupun udah lama nggak ketemu. Jangan sampai waktu bikin kita jadi orang asing lagi.

Makasih ya, buat semua kenangan, semua cerita, semua tawa, semua kebersamaan yang mungkin nggak bisa aku tulis satu per satu. Kalian bukan cuma teman, kalian bagian dari cerita hidup yang nggak akan aku lupain.

Kalau nanti suatu hari kita ketemu lagi, aku harap kita ketemu sebagai orang yang sudah berhasil melewati banyak hal, yang sudah sampai di tujuan yang dulu sering kita ceritain.

Dan kalau nanti kita saling kangen, ingat aja…
Kita pernah ada di satu cerita yang sama,
pernah tertawa di waktu yang sama,
dan pernah jadi bagian penting di hidup satu sama lain.

Perpisahan ini bukan akhir,
cuma jeda supaya kita bisa melanjutkan cerita kita masing-masing.

Sampai ketemu lagi, entah kapan, entah di mana. 

Aneh ya, dulu kita ketemu tanpa sengaja, ngobrol biasa aja, ketawa hal-hal yang nggak penting, tapi sekarang malah harus nulis kata perpisahan yang bahkan aku sendiri nggak pernah siap buat nulis ini.

Jujur, aku nggak tau harus mulai dari mana. Soalnya kalau disuruh cerita tentang kalian, kebanyakan kenangnya, kebanyakan ceritanya, kebanyakan hal yang kalau diingat malah bikin senyum sendiri. Dari yang awalnya cuma saling kenal, jadi sering bareng, jadi sering cerita, jadi sering ketawa, sampai akhirnya sekarang harus jalan masing-masing.

Makasih ya, serius, makasih banget buat semua hal yang pernah kita lewatin bareng. Makasih buat tawa, makasih buat cerita, makasih buat bantuan, makasih buat kenangan yang bahkan hal kecil pun sekarang jadi berharga. Kalian mungkin ngerasa itu hal biasa, tapi buat aku itu nggak biasa.

Kalau nanti kita jarang ketemu, jarang ngobrol, atau bahkan sibuk sama hidup masing-masing, aku harap satu hal: jangan sampai kita jadi orang asing yang cuma saling kenal nama. Soalnya kita pernah sedeket itu, pernah secerita itu, dan pernah sebahagia itu bareng.

Semoga kalian sukses dengan jalan kalian masing-masing. Semoga semua yang kalian perjuangin tercapai. Semoga nanti kalau kita ketemu lagi, kita udah jadi versi terbaik dari diri kita yang sekarang lagi sama-sama berjuang.

Dan kalau suatu hari nanti kita kumpul lagi, semoga yang kita ceritain bukan lagi tentang capeknya hidup, tapi tentang gimana kita berhasil lewatin semuanya.

Terakhir, ingat ya…
Kita mungkin berpisah tempat, berpisah kesibukan, berpisah jalan,
tapi semoga kita nggak pernah berpisah sebagai kenangan.

Sampai ketemu lagi di cerita hebat kita masing-masing.",537,3402,5.153,4,sangat_panjang,387.857
144961,2026-03-27T16:43:51+00:00," 
 
 
@sisisi lili:Furab thật sự là một couple có vibe rất nhẹ nhàng nhưng lại sâu sắc vô cùng, kiểu mỗi tương tác giữa Fuji và Reza Arap đều có những ý nghĩa nhỏ mà nếu để ý kỹ thì tim sẽ tan chảy ngay 💜💜💜💜💜💜💜💜💜💜💜 họ không phải kiểu lúc nào cũng thể hiện mọi thứ một cách rõ ràng, nhưng chính từ những điều đơn giản đó lại cảm nhận rất rõ rằng họ thật sự “kết nối” với nhau—từ cách họ trò chuyện, những phản ứng nhỏ tưởng chừng bình thường nhưng lại đầy sự quan tâm, cho đến những khoảnh khắc im lặng bên nhau mà không hề gượng gạo, ngược lại còn rất thoải mái 💜💜💜💜💜💜 như kiểu “tôi hiểu bạn mà không cần bạn phải nói quá nhiều” và điều đó thực sự rất hiếm, nên càng làm cho couple này trở nên đặc biệt 💜💜💜💜💜
Điều khiến Furab càng trở nên bền chặt là vibe của họ rất yên bình, không toxic, không ép buộc, nhưng vẫn ấm áp—giống như hai người từ từ bù đắp cho nhau mà không đánh mất chính mình 💜💜💜💜 họ có thể trở thành “nơi để quay về” của nhau, nơi để chia sẻ, nơi để nghỉ ngơi khỏi thế giới phức tạp, và điều đó làm cho mối quan hệ của họ trở nên vô cùng chân thành 💜💜💜💜 đặc biệt là khi tưởng tượng họ ở bên nhau trong những khoảnh khắc giản dị—có thể là trò chuyện vu vơ, cười khẽ, hay thậm chí chỉ ngồi cạnh nhau mà không cần nói nhiều—như vậy thôi cũng đủ để thấy rằng sự bên nhau của họ rất ý nghĩa 💜💜💜💜💜💜
Và thật lòng mà nói, Furab là kiểu ship mà càng lâu càng thấy “trời ơi, họ hợp nhau thật đấy” 💜💜💜 không phải kiểu bùng nổ ngay từ đầu, mà là kiểu từ từ len vào tim rồi bất ngờ trở thành yêu thích lúc nào không hay 💜💜💜💜💜💜 có sự thoải mái, có cảm giác an toàn, và một chút ngọt ngào vừa đủ để mỗi lần nghĩ đến là lại mỉm cười 💜💜💜 nói chung Furab giống như một câu chuyện 💜 không cần drama lớn để trở nên đẹp, vì vẻ đẹp của họ nằm ở sự bình yên và chiều sâu trong mối quan hệ 💜💜💜
#FURABFOREVER💜💜",390,1796,3.364,4,sangat_panjang,387.857
143825,2026-02-22T04:37:58+00:00," 
 
 
Jujur ya, ini salah satu lagu yang bikin gue berhenti scroll dan beneran dengerin sampe abis. Dari awal masuk aja udah kerasa kalau ini bukan karya yang asal jadi. Ada rasa, ada arah, dan ada identitas yang jelas. Lagu ini tuh bukan cuma enak di telinga, tapi juga punya karakter. Semakin didengerin, semakin keliatan kalau tiap bagiannya dipikirin dengan serius.
Yang paling kerasa itu adalah atmosfernya. Lagu ini punya suasana yang kuat dan konsisten dari awal sampe akhir. Nada, aransemen, sama alurnya saling ngedukung, jadi bukan cuma kumpulan bunyi tapi satu kesatuan cerita. Ini tipe lagu yang bikin pendengar kebawa, entah lagi santai, lagi mikir, atau lagi diem sendirian. Feel-nya dapet dan itu bukan hal yang gampang dibuat.
Kelihatan banget kalau proses kreatifnya matang. Dari pemilihan nada, ritme, sampai cara lagunya dibangun, semuanya terasa punya tujuan. Ga ada bagian yang terasa mubazir atau asal numpang lewat. Ini nunjukin kalau lu beneran paham apa yang lu bikin dan tau mau dibawa ke mana musik lu. Banyak orang bikin lagu, tapi ga semuanya punya kejelasan visi, dan di lagu ini itu keliatan jelas.
Yang bikin tambah salut, lagu ini ga kerasa maksa buat ngikutin tren. Justru terasa jujur dan apa adanya, seolah lu bikin musik karena memang mau berkarya, bukan sekadar pengen viral. Dan ironisnya, justru karya yang jujur kayak gini biasanya yang paling gampang nyampe ke banyak orang. Identitasnya kuat, dan itu nilai yang mahal di dunia musik.
Kalau didengerin tanpa tau siapa yang bikin, ini udah layak dibilang sebagai karya yang profesional. Bukan cuma layak dipamerin, tapi layak diapresiasi lebih jauh. Gue beneran ngerasa bangga bisa ngeliat temen sendiri berkembang sejauh ini. Ini bukan titik akhir, tapi jelas langkah besar.
Terus jalanin, terus bikin, dan jangan ragu sama kemampuan sendiri. Musik kayak gini pantas buat didenger lebih luas dan gue yakin ini baru permulaan dari hal-hal yang lebih besar ke depannya.",313,1953,5.08,4,sangat_panjang,387.857
143112,2026-02-08T04:45:32+00:00,"#πππ 
 
 
Ges, mau crita 2 tahun kebelakang ini aku udah dpt 3 kali undangan nikah (nikahan tmen² cwe ku, bukan temen sih tapi ya kenal lah) fyi, aku ini kelas 11. Pertama itu dia berenti sekolah dan milih nikah sama cwo nya, bukan karena hamidun atau apa tapi katanya karena pacar nya ini kebelet nikah dan itu waktu aku kelas 9 SMP. Cwo nya dia itu udah umur 20 ke atas. Kedua, ini aku di undang jg tpi cwe nya ini tmen sekelas ku pas smp, dia nikah sama cwo yg lebih tua juga, katanya di jodohin. Yg ketiga tmen sekelas ku di SMK dia emg cwe bandel gtu, pergaulan bebas, pernah kena kasus hamidun trus kabarnya di gugurin, main judi juga. Dan kemarin Desember dia nikah sama pacarnya yg kesekian, ngundang sekelas. Cwo nya ini tuh lagi² udah tua 20 tahun ke atas, alesan nikah nya si gatau kenapa, ini pernikahan ke2 dia btw, pernikahan pertama setelah viral kasus nya trus abis sah lngsung cerai. Trus masi ada lagi 1 angkatan beda jurusan, belum lama mualaf tapi masih bebas pergaulan nya trus katanya dia ini di jebak sampe hamil, sekarang udah nikah punya anak, anak nya lucu sih. Ada juga seangkatan pas SMP cuma beda kelas, pas lulus SMP dia nikah sama cwo yg baru lulus SMK. Sekarang udah punya anak, anak nya juga lucu. Dan ada gosip klo katanya dia ini mau ""begituan"" Sama suaminya tpi suaminya nolak mulu trus cwe ini bilang ""apa gua anuin anak gua ya"" Istighfar si pas denger, semoga ga bener dan ga pernah kejadian, kasian anaknya. Ada lagi nih baru, hari ini dia nikah. Kaka kelas ku, dia berenti sekolah karena apa gtu, gatau ga deket cuma saling sv WA. Dia nikah sama pacar nya yg udah tua. Jujur kasian kalo alesan nya karena di jodohin (paksa) tpi klo emg cuma karena nafsu apa mreka ga mikirin dampak nya ya? Mereka masih di bawah umur dan suaminya udah tua. Nikah tu sakral, harus siap banyak hal, ga cuma asal bilang nikah trus langsung nikah. Btw bisa di sebut pdf juga ga ges cwo nya?",352,1904,4.261,4,sangat_panjang,387.857
142450,2026-01-22T01:07:02+00:00," 
 
 
Berikut adalah beberapa pilihan jawaban dalam bahasa Inggris yang mengekspresikan rasa kaget (shock) tapi sekaligus senang/bahagia, dibagi berdasarkan nuansanya:

1. Kaget dan langsung membalas perasaannya (Reciprocal)
Ini cocok jika kamu juga menyukainya dan kaget karena dia mengatakannya duluan.
*   ""Wait, really? Because I’m totally in love with you too!""
    *(Tunggu, serius? Karena aku juga benar-benar cinta sama kamu!)*
*   ""Oh my god, are you serious? I felt the same way but I was scared to say it!""
    *(Ya ampun, kamu serius? Aku juga merasa begitu tapi aku takut ngomong duluan!)*

2. Kaget dan terharu (Emotional & Touched)
Ini cocok jika kamu sudah lama menunggu momen ini.
*   ""You have no idea how long I’ve wanted to hear you say that.""
    *(Kamu enggak tahu sudah berapa lama aku ingin dengar kamu ngomong itu.)*
*   ""Wow... is this real? This is the best thing I've heard in a long time.""
    *(Wow... ini nyata? Ini hal terindah yang aku dengar setelah sekian lama.)*

3. Kaget sampai tidak bisa berkata-kata (Speechless & Happy)
Ini jika kamu saking kaget dan senangnya sampai bingung mau ngomong apa.
*   ""Oh my god... I don't even know what to say. I'm just so happy right now.""
    *(Ya ampun... aku bahkan gak tahu harus ngomong apa. Aku senang banget sekarang.)*
*   ""Wow. Just... wow. I’m so happy.""
    *(Wow. Cuma... wow. Aku senang banget.)*

4. Kaget yang lucu/imut (Cute & Playful)
*   ""Are you kidding me? Don't joke with me, because I might just say it back!""
    *(Kamu bercanda ya? Jangan main-main lho, soalnya aku bisa aja balas bilang cinta juga!)*
*   ""Oh my god! Pinch me, I must be dreaming.""
    *(Ya ampun! Cubit aku dong, aku pasti lagi mimpi nih.)*

Tips Pengucapan:
Pastikan intonasi kamu naik (excited) dan wajah kamu tersenyum lebar. Kata kunci seperti ""Really?"", ""Oh my god"", atau ""Wait"" harus diucapkan dengan nada tinggi/antusias untuk menunjukkan rasa kaget yang positif.",315,1876,4.448,4,sangat_panjang,387.857
142117,2026-01-11T02:07:31+00:00," 
 
 
Berikan penyusunan yang lebih padu dan memudahkan pembaca untuk memahami pesan ini:

Bagai hidup dalam penjara, terkurung dengan rantai yang terpasang. 
Kita terjebak di tempat yang sama dan terhambat. 
Mengejar impian di tengah padang yang kering, 
Dan kami bahkan tak berani bermimpi, 
Karena selalu tertampar oleh realita. 
Cicilan dan tagihan menambah beban pikiran, 
Bagaimana cara bertahan hidup di hari ini?

Janji manis yang dijual di televisi, 
Namun mereka tidak peduli dengan keadaan kami. 
Semua sibuk mencari keuntungan, 
Sementara kebijakan menjadi ladang bagi para politisi. 
Kami protes bukan karena tak bersyukur, 
Tapi karena kejahatan ini sudah terstruktur. 
Mereka membeli senjata dan memukul mundur kami, 
Sementara saudara kami bersyukur hanya dapat makanan.

Mereka berbisik dan mengubah aturan, 
Sambil menutup mata pada kejanggalan ini. 
Kami teriak hingga air mata jatuh, 
Tapi mereka merespons dengan gas air mata. 
Senjata tidak akan pernah membungkam suara, 
Yang terus menggema di udara, menyentuh hati, 
Mengobarkan semangat, membakar api selama-lamanya. 
Suara itu akan selalu ada, 

Temukan jiwamu, jangan biarkan padam, 
Suara itu akan terus bertambah. 
Mereka menyebarkan propaganda dan teror media, 
Berusaha memecah belah suara lewat buzzer sosial media. 
Kejahatan meningkat di tengah ketidakpastian kerja, 
Tekanan yang menguatkan rasa putus asa. 

Cukuplah, kami sudah muak, 
Begitu banyak kasus penting yang terabaikan. 
Kami berjuang mencari kehidupan, sementara mereka saling suap, 
Kami tak bisa menahan sesak di dada. 
Alam kami sedang dijarah, dan kemarahan pun membara, 
Namun kalian malah mengirimkan tentara, 
Memecah belah saudara, kami semakin menderita.

Tanah subur ini dipenuhi darah, 
Hancur oleh situasi ekonomi. 
Kami berteriak meminta pertolongan, tapi kalian tak menoleh. 
Kami tak ingin diam, kami melawan karena percaya pada suara. 
Setiap Kamis, suara kami selalu terdengar, 
Kami terbangun dan membuka mata berkat suara ini. 
Kami hidup karena suara, takkan pernah hilang, 
Karena kami adalah suara itu.

Senjata tidak dapat membunuh suara, 
Senjata takkan pernah bisa membunuh suara. 
Jika semua ini hanya tentang mereka, 
Apa kabar dengan kami? 
Seberapa nyaman pun hidup mereka di atas sana, 
Apa yang akan terjadi pada kami? 
Siapa yang akan berjuang untuk kami? 
Suara kami adalah harapan terakhir kami.",338,2317,5.666,4,sangat_panjang,387.857
141391,2025-12-17T12:25:06+00:00," 
 
 
guys ak butuh saran, gimana carany ngadepin seorang cwo yg susah diajk buat nyelesaiin masalah?, stiap ak tanya ""kmu psti udh bosen,males,udh gamau ngurusin masalahny, gamau lurusin masalahny"" tp dia jwbny ""ga ngrasain smua"" dlm artian dia ga ngrasa bosen mls ataupun semacamnya, pdhl ak tau jelas' org itu boong dia sndri pun blg klo pgn hub yg lama hub yg aman' aja damai dll tpi diri dia sndri gbsa dibenerin malah mkin nyalahin org lain ngrasa emg diri dia sesalah itu klo lakuin hal' yg shrusny dia ubah tpi Dimata dia sndri dia salah pdhl yg ak liat emg dia ga ad brusaha aja:( salah emg ad tpj setidakny klo pgn ngerasain sesuatu yg dia pgn dihub ini hrsny ad usaha gasii? Tp ini malah slalu bkin diri sndri jd mundur buat nunjukin keiingan dia dihub tersebut dgn cara bkin diri dia salah dan gagal dlm usahany pdhl ak udh blg jd diri sndri dan pelan' lakuin sebisa dia ak udh hargain keputusan dia kok, tp disaat ak ngrasa dia ga a usahanya dan ak blg ke dia dan dia jwb ""kamu ga liat ternyata usaha ku ya?"" Klo ak ga ngrasa sesakit itu ga ngrasa kesepian  ngrasa smpe bnr' ga ad dibagian jdi pasanganny alhasil kan ga ad usaha? Krna ak tau dan bisa bedain mana yg usaha sm bukan..🥹🥹

huhu sedihh what should I do?? klo dilepasin ak tkut nyesell krna keputusan ak jg blm bulet, ak tau ini udh hub toxic tp ak mau benerin selagi aku mau,ak bisa dan ad tujuan dari memperbaiki masalah tersebut. Gimana carany biar aku bisa cuek dan ga terlalu mikirin ya? Layakny dia yg cuek dan sesantai itu sm hub yg toxic dan masalah' yg blm kelar dan bkin diri kita itu bener' mkin ngrasa jauh dan ngrasa pelan' gjdi  pasangan lgi.. jujur aj ak gamau smpe seniat ini buat beresin smuany satu' dan turutin kemauan org itu tapi ak jg mau buktiin klo ak bisa bertahan tpi yg ak dpt malah sebalikny 
:( cape ternyata jdi org yg terlalu niat buat mastiin hubny itu tetep baik' aj bgtupun orgny gmn sifat/perlakuan dia ke kita tpi org itu gbsa menghargai dan ga ad rasa bersyukur punya kita ternyata ya? Inisiatif aja berat bgt rasanya sedih:(( cape jg trs ngalah dlm bnyk hal aplgi soal cwe 🥹🥹, I need some advice from you guys huhu maaff jdi curhat trimakasiii udh baca smpe bawah🫰",404,2166,4.24,4,sangat_panjang,387.857
141113,2025-12-06T04:19:20+00:00," 
 
 
(Mesin waktu berdengung. Siswa-siswi terjatuh di sebuah kota besar yang tampak megah. Gedung pencakar langit menjulang, jalan penuh mobil terbang, namun di sisi lain, lorong-lorong sempit dipenuhi rakyat miskin yang kelaparan.)
Aru:(terpana)Lihat… gedungnya tinggi sekali, tapi kenapa banyak orang tidur di jalan?
Widya:(melihat seorang anak kecil mengemis)Seperti ada dua dunia yang berbeda: dunia orang kaya, dan dunia orang miskin.
(Tiba-tiba muncul Robot Pemandu, hologram AI pemerintah.)
Robot Pemandu:Selamat datang di Republik Nusantara, tahun 2080. Negara ini kaya raya, namun sebagian besar kekayaan hanya dikuasai segelintir orang.
Aru:(kesal)Jadi kemerdekaan yang diperjuangkan para pahlawan dulu… hanya dinikmati oleh sedikit orang?
(Mesin membawa mereka ke gedung parlemen. Di dalamnya, layar besar menampilkan debat sengit para politisi. Mereka saling tuduh, berteriak, bahkan ada yang tertidur di kursinya. Rakyat di luar gedung berdemo, membawa spanduk bertuliskan “KEADILAN SOSIAL!”)
Widya:(terdiam)Bukankah dulu Sutan Sjahrir menginginkan demokrasi yang matang? Kenapa malah jadi begini?
Robot Pemandu:Karena banyak pemimpin melupakan rakyat. Politik berubah jadi ajang rebutan kekuasaan, bukan lagi alat untuk menyejahterakan bangsa.
Aru:(kesal)Kalau begini, negara bisa pecah lagi.(Di luar gedung, suara kericuhan makin keras. Polisi menghadang demonstran. Beberapa rakyat berteriak, “Kami lapar! Kami butuh keadilan, bukan janji kosong!”)
(Mesin waktu membawa mereka ke sebuah pasar. Di sana, teknologi canggih dipakai untuk jual beli: semua dengan mata uang digital. Namun harga-harga melambung tinggi, dan rakyat kecil tidak mampu membeli makanan.)
Widya:(terkejut)Harga nasi satu mangkuk setara dengan gaji seminggu?
Penjual Tua:(berkata lemah)Anak-anak muda, begitulah jika ekonomi dikuasai monopoli. Yang kaya makin kaya, yang miskin makin tenggelam.
Aru:(berbisik)Bukankah dulu Gus Dur mengajarkan keadilan dan kesetaraan? Kenapa semua hilang?
Penjual Tua:Karena generasi kalian di masa lalu mungkin lupa menjaga pesan itu.
(Aru dan widya saling menatap. Mereka sadar pesan ini bukan sekadar simulasi, tapi peringatan.)
(Mesin waktu memperlihatkan sebuah ruangan kecil. Sekelompok anak muda sedang berdiskusi, menulis visi baru untuk bangsa. Mereka mirip para pemuda tahun 1928 atau 1945—penuh idealisme. Siswa-siswi merasa seperti bercermin pada diri mereka sendiri.)
Kami tak ingin bangsa ini hancur. Kami harus menulis sejarah baru—politik yang bersih, ekonomi yang adil, dan persatuan rakyat.
Widya:(meneteskan air mata)Itu tugas kami juga… di masa sekarang. Agar kalian tidak lagi menderita.
Aru:(bersemangat)Kita harus kembali, kita harus belajar dari masa lalu dan memperbaiki masa kini, supaya masa depan tak jadi seperti ini!
(Mesin berbunyi keras. Cahaya biru menyelimuti siswa-siswi. Mereka ditarik kembali ke kelas.)
(Lampu normal. Bu Ratna berdiri di depan kelas, melihat murid-muridnya yang tampak jauh lebih serius daripada sebelumnya.)
Bu Ratna:Anak-anak, kalian sudah melihat masa depan politik dan ekonomi bangsa. Apa yang kalian pelajari?
Widya:Bahwa kemerdekaan tanpa keadilan sosial hanya akan melahirkan kesenjangan.
Aru:Dan politik tanpa kejujuran hanya akan melahirkan perebutan kekuasaan, bukan kesejahteraan.
Bu Ratna:(tegas, lembut)Ingatlah: sejarah bukan hanya milik masa lalu. Sejarah juga ditulis di masa depan—oleh kalian semua.(Siswa-siswi berdiri, menatap ke depan dengan penuh tekad.)
Siswa-siswi (bersama):Kami siap menulis sejarah yang adil dan beradab!


Gess menurut kalian bagus gaa cerpen nya",517,3557,5.634,4,sangat_panjang,387.857
140575,2025-11-17T20:03:07+00:00," 
 
 
Mau cerita tentang pengalaman pertama melamar kerja melalui yayasan dan aku lamar untuk jadi security wanita karena aku pernah ikut gada Pratama jadi aku mau ngelamar jadi satpam perempuan dan cerita ini gak pernah aku kasih tau ke ibu dan bapak aku karena aku takut mereka akan merasa bersalah 

Jadi sebelum nya aku pernah ngelamar di salah satu yayasan di Daan Mogot dan jujur itu pengalaman buruk aku selama aku interview sama HRD mau itu perempuan ataupun laki-laki gak kayak gini (bukan dari yayasan)

Awalnya aku tuh lupa masukin fotokopi kartu keluarga terus dia nanya ""ada fotonya gak di hp"" aku jawab ada terus aku kasih scanan nya nah langsung tuh dia nanya pengalaman karena pengalaman pertama aku ya kerja di hotel, toko retail, barista nah terus dia nanya tentang hal pribadi kayak tentang hubungan keluarga sama aku yaudah aku jawab....
Singkat cerita dia nanya pekerjaan orang tua aku ya aku jawab ""ibu saya ibu rumah tangga, bapak saya gardener di perumahan di Bekasi"" dan kalian tau gak reaksinya dia? Dia malah ngetawain terus nepok-nepok HRD juga sebelah nya sambil ketawa bilang ""tukang sapu"" gw disitu sedikit kaget dan cuma diem aja dan si HRD yang dia tepok juga kayak gak nyaman gitu.

dan kalian tau gak reaksi dia pas liat liat pendidikan terakhir bapak sama Abang aku yang cuma SMP di kartu keluarga? dia langsung kayak ngeremehin banget aku seperti awal ketawa-ketawa gitu malah dia kayak gitu didepan banyak orang-orang yang mau interview.

Dan disitu aku ternyata pas ukur tinggi badan beda 1 cm karena waktu aku ambil gp aku diukur tinggi aku 160 tapi disitu 159 terus aku diginiin sama orang itu ""kamu jadi gardener aja ya kayak bapak kamu? Atau mau jadi cleaning service aja? Karena kita nyari yang tinggi-tinggi"" kek...Wow so there are people like this 

Jujur pulang dari sana aku nangis di kereta sampe-sampe satpam KAI nanya ""mbak gak apa-apa?"" Sumpah sakit banget dan akhirnya aku trauma buat ngelamar jadi satpam dan gp aku tersia-siakan gara-gara manusia itu dan sekarang aku lebih milih kerja di PT kecil walaupun gaji di bawah UMR setidaknya aku pas interview tidak di rendahkan

Ternyata orang yang berilmu belum tentu dia baik ya? Dia bilang dia pernah jadi psikolog di camp tentaralah, lulusan terbaik universitas G lah, dia juga bilang gak menerima suap padahal ya...biar dia dan Allah yang tau.

Demi Allah sakit banget tapi aku cuma bisa doain dia yang baik-baik aja semoga Anak dia mau laki-laki ataupun perempuan gak akan ngerasain apa yang aku rasain

Itu aja sih yang mau aki ceritain",437,2527,4.707,4,sangat_panjang,387.857
140116,2025-10-31T02:55:45+00:00,"#imouto 
 
 
hlo bang lex
mon maaf nih konpes disini, bisa gaa keluar dri saluran aku yg baru? Soalnya emng aku pengennya ga usah ada yg masuk, soalnya ak lagi belajar mendengar kan cerita sendiri, aku g mau ngerasa lagi didengarkan org lain, krna emng aku lgi ngelepasin perasaan pgn didengarkan, dlu waktu sblm kenal bang lex, aku udh melekat mandiri soal cerita, yaa kau juga taulah aku suka cerita2 sendiri di chanel, sampe kau tb2 masuk
makin lama kau resp crita2 w waktu itu, jdi mkin ilang rasa mandirinya
dan yaa smpailah waktu dmna terasa mengagumi u, tpi ya aplg daya mungkin perasaan waktu itu hanya sebatas terbatas dan tak ada jalan untuk lebih dari itu
Yg kemudian bulan demi bulannya, w selalu belajar buat lupain u, krna w berat buat ngejalanin hri dgn perasaan2 itu, rasanya tidak bebas dan selalu tersirat teringat, ya,, lumayan lelah berjuang untuk lepas,, dan disaat semuanya hampir lepas,, malah ada yg mencoba mendobrak pintu my heart, intinya w pgn kau jdi org yg tau capenya guehhh😭, yg awalnya w udh kuat berjuang mandiri, nah malah ngerasa punya rumah untuk didengarkan, trus tb2 hrus menghadapi perasaan baru, trus tb2 hrus melepaskan perasaan itu, trus tb2 lagi ada yg berurusan sama kehidupan aku ggra dia berusaha mendobrak hati aku, yah intinya cpe bett kena tarik ulur gini, dan skrg aku udh milih lagi buat lepas dri semua itu lgi, dan mencari pertahanan diri.. 
maaf ya itung2 curhat anon k u
makasih klo udh baca, rasanya tenang klo ada yg tau 1 ajaa seberapa cpe nya w
meski disisi2 itu masih ada permasalahan keluarga, u know lah.. 
aslinya w g enak nge anon gni, tlong ya ur gf jgn dikasi tau soal ini, krna yah kasian kaka itu, meski dia phm juga
krna ya ini juga cuma pesan penutup, bkn memanjang interaksi
bahagia trus ya.. inget2 kata dri aku waktu itu.. jaga ur gf ocehh
My relationship with my bf is not going well
see u, thanks 

@Alexandther",331,1878,4.532,4,sangat_panjang,387.857
139838,2025-10-23T18:50:40+00:00," 
 
 
jdi gini, kn ak udh pts sm mantanku kn tpi msi chatn kya kdng kabar""an trs kdng call, dll kyk msi dket gtu lo, nh trs tiba'' ad tu cwe cht ak tnya ak siapany si A gtu kn, nh ak tnya balik dong dia siapany dlu,  nh dstu ak lngsng cht si A ny kn tnya lgi dket sm cwe? trs dia jwb iya, nh pdhl soreny itu msi chtn baik sm ak si A ny, ak kget kn, nh trs ak tnya lh sm cwe yg cht ak itu, ktnya bru dket 2 minggu, loh? pdhal blm ad 2 minggu si A nya itu ngemis"" di call ngjk balikn smpe nngis bjir, dn parhnya lgi si cwe yg lgi dket itu yg cht ak itu, dia jwametttt abisss bjir, trs kn ak cerita ap yg sbnrnya kn ke si cwe itu, nh dia plh nyuruh ak balikan, oiya ak kn tnya dlu ke si A kya dpt kntku dri mna si cwe itu, dn ktnya dia bjk wa ny si A, ps ak bilng ke cwe ny klo dia bjk wa ny si A, ak dibilng nuduh bjir, pdhl sblmnya ak dh kasi bukti ss an segede gaban ke dia klo si A ny bilng dia yg bjk wa ny kn, trs"" dia bilng ngurusin bgt hub orng, wht? km bru dket 2 minggu jir, sndngkn ak berthun"", tau ap km, mna bru dket udh berni bjk wa orng lgi, ak aj yg pernh pcrn brthun"" g pernh tu bjk""an, trs ktnya dia gjdi dong sm si A, dn nyuruh ak blikan aj, smpe dia bilng, secantik apsi emg km smpe si A gbs move on dri km, mnrutku si bkn mslh cantiknya ya, tpi ky lebih ke sifatku ke dia gmn smpe dia bner"" gmw asing, tp kcwa bgt si ak ke si A yg tiba'' dket sm cwe, pdhl aku sllu tnya lgi dket sm cwe ap ga, dn dia sllu jwab ngga",329,1425,3.195,4,sangat_panjang,387.857
139474,2025-10-12T14:43:06+00:00," 
 
 
hey hey hey hey hey hey hey hey hey hey hey hey hey hey hey hey hey hey hey hey hey hey hey hey hey hey hey hey hey hey hey hey hey hey hey hey hey hey hey hey hey hey hey hey hey hey hey hey hey hey hey hey hey hey hey hey hey hey hey hey hey hey hey hey hey hey hey hey hey hey hey hey hey hey hey hey hey hey hey hey hey hey hey hey hey hey hey hey hey hey hey hey hey hey hey hey hey hey hey hey hey hey hey hey hey hey hey hey hey hey hey hey hey hey hey hey hey hey hey hey hey hey hey hey hey hey hey hey hey hey hey hey hey hey hey hey hey hey hey hey hey hey hey hey hey hey hey hey hey hey hey hey hey hey hey hey hey hey hey hey hey hey hey hey hey hey hey hey hey hey hey hey hey hey hey hey hey hey hey hey hey hey hey hey hey hey hey hey hey hey hey hey hey hey hey hey hey hey hey hey hey hey hey hey hey hey hey hey hey hey hey hey hey hey hey hey hey hey hey hey hey hey hey hey hey hey hey hey hey hey hey hey hey hey hey hey hey hey hey hey hey hey hey hey hey hey hey hey hey hey hey hey hey hey hey hey hey hey hey hey hey hey hey hey hey hey hey hey hey hey hey hey hey hey hey hey hey hey hey hey hey hey hey hey hey hey hey hey hey hey hey hey hey hey hey hey hey hey hey hey hey hey hey hey hey hey hey hey hey hey hey hey hey hey hey hey hey hey hey hey hey hey hey hey hey hey hey hey hey hey hey hey hey hey hey hey hey hey hey hey hey hey hey hey hey hey hey hey hey hey hey hey hey hey hey hey hey hey hey hey hey hey hey hey hey hey hey hey hey hey hey hey hey hey hey hey hey hey hey hey hey hey hey hey hey hey hey hey hey hey hey hey hey hey hey hey hey hey hey hey hey hey hey hey hey hey hey hey hey hey hey hey hey hey hey hey hey hey hey hey hey hey hey hey hey hey hey hey hey hey hey hey hey hey hey hey hey hey hey hey hey hey hey hey hey hey hey hey hey hey hey hey hey hey hey hey hey hey hey hey hey hey hey hey hey hey hey hey hey hey hey hey hey hey hey hey hey hey hey hey hey hey hey hey hey hey hey hey hey hey hey hey hey hey hey hey hey hey hey hey hey hey hey hey hey hey hey hey hey hey hey hey hey hey hey hey hey hey hey hey hey hey hey hey hey hey hey hey hey hey hey hey hey hey hey hey hey hey hey hey hey hey hey hey hey hey hey hey hey hey hey hey hey hey hey hey hey hey hey hey hey hey hey hey hey hey hey hey hey hey hey hey hey hey hey hey hey hey hey hey hey hey hey hey hey hey hey hey hey hey hey hey hey hey hey hey hey hey hey hey hey hey hey hey hey hey hey hey hey hey hey hey hey hey hey hey hey hey hey hey hey hey hey hey hey hey hey hey hey hey hey hey hey hey hey hey hey hey hey hey hey hey hey hey hey hey hey hey hey hey hey hey hey hey hey hey hey hey hey hey hey hey hey hey hey hey hey hey hey hey hey hey hey hey hey hey hey hey hey hey hey hey hey hey hey hey hey hey hey hey hey hey hey hey hey hey hey hey hey hey hey hey hey hey hey hey hey hey hey hey hey hey hey hey hey hey hey hey hey hey hey hey hey hey hey hey hey hey hey hey hey hey hey hey hey hey hey hey hey hey hey hey hey hey hey hey hey hey hey hey hey hey hey hey hey hey hey hey hey hey hey hey hey hey hey hey hey hey hey hey hey hey hey hey hey hey hey hey hey hey hey hey hey hey hey hey hey hey hey hey hey hey hey hey hey hey hey hey hey hey hey hey hey hey hey hey hey hey hey hey hey hey hey hey hey hey hey hey hey hey hey hey hey hey hey hey hey hey hey hey hey hey hey hey hey hey hey hey hey hey hey hey hey hey hey hey hey hey hey hey hey hey hey hey hey hey hey hey hey hey hey hey hey hey hey hey hey hey hey hey hey hey hey hey hey hey hey hey hey hey hey hey hey hey hey hey hey hey hey hey hey hey hey hey hey hey hey hey hey hey hey hey hey hey hey hey hey hey hey hey hey hey hey hey hey hey hey hey hey hey hey hey hey hey hey hey hey hey hey hey hey hey hey hey hey hey hey hey hey hey hey hey hey hey hey hey hey hey hey hey hey hey hey hey hey hey hey",957,3827,3.0,4,sangat_panjang,387.857
138136,2025-09-11T13:54:53+00:00,"#Mtsuki 
 
 
Mau cerita. Aku dulu malu bgt ngejer ngejer cowo sebrutal itu. Tadi aku liat kenangan di google foto terus lewat isi chat aku ma cowo yg aku kejer kejer dulu sumpah malu bgt kek?!? Woi aku ngapain dulu ngejer ngejer dia padahal dia aj bales nya kek ga niat buat bls tp aku Masi chat. Aku chat dia 10 dia cuma bls 1 doang tp ttp aku kejer tp kek nya dulu dia kasian sm aku karena aku udh ngejer dia jadinya aku di terima, y seneng si seneng dia jg udh aga berubah telfonan tiap malem terus dia mulai ga cuek tapi ad suatu hari dia minta putus karena alasan ibu nya denger aku sama dia telfonan terus ibu ny nanya dia org mana, agama ny apa, terus mantan ku ini jawab terus pas bagian agama aku sedii bgttt kata ibu ny putusin aja karena beda agama hehe:)). Terus dia blg lagi ibu ny ni, mending ibu ny rela ga jalan asal cowo ni sama yg seagama. Kek langsung di situ deg hati aku sedih bgt mau nngis tapi gabisa, dan akhirnya dia putusin aku terus aku nngis, terus ya kita asing tp rasanya pas waktu pacaran cuma aku si yg excited wkwkw jadi mikir ko aku dulu kaya gini ya, ko aku ngerendahin harga diriku cuma ngejer ngejer cowo ky gini ya:)? Sedih bgt kalau di inget inget si, tapi skrng aku udh asing udh blok dia udh bisa Nerima dan ikhlas skrng dia udh punya cewe baru yg seagama dan dia bener bener cinta maa cewe itu beda sama aku yg ngejer ngejer dia smpe aku cape dan udh gaada energi. Dari situ aku mikir buat lebih baik lagi dan Yap aku pelan pelan mencintai diriku dulu baru org lain😌💗",294,1504,4.031,4,sangat_panjang,387.857
136941,2025-08-21T16:53:33+00:00," 
 
 
assalamualaikum, halo warga menfes.

aku mau ngomong sesuatu yang sebenernya berat banget. awal mula aku kenal telegram itu dari zaman covid, dari grup sekolah. awalnya cuma ikut-ikutan karena keadaan waktu itu serba online, terus lama-lama makin terbiasa, sampai akhirnya jadi tempat nongkrong, tempat nyari temen, tempat cerita, dan pelarian di saat dunia lagi kacau. jujur aku ga nyangka, dari hal sesimpel itu aku bisa sejauh ini di tele kenal banyak orang, dapet banyak pengalaman, bahkan nemuin rasa nyaman di sini. tapi makin ke sini, aku sadar… tele bukan cuma bawa hal baik. aku juga jadi kebawa ke hal-hal yang sebenernya merugikan diri aku sendiri. aku sering buang waktu, kehilangan fokus, dan bahkan ngerusak diri aku dengan cara-cara yang ga sehat. aku tau ini semua salahku juga, karena aku yang milih buat tenggelam di sini. tapi kalau aku terusin, aku takut makin jauh hilang kendali atas hidupku sendiri. makanya, aku mutusin buat pamit. aku mau pensi dari telegram. bukan karena aku benci kalian atau benci tempat ini, tapi justru karena aku sayang sama diriku sendiri dan ga mau terus terjebak di lingkaran yang sama. aku pengen berubah, pengen coba jadi versi diriku yang lebih baik, meskipun aku tau ini ga gampang. aku butuh support kalian semua. aku butuh doa, semangat, atau bahkan sekadar pengertian kalau nanti aku bener-bener ga aktif lagi. aku ga tau apakah aku bisa langsung lepas atau masih jatuh-bangun, tapi aku serius pengen ninggalin kebiasaan yang bikin aku hancur. makasih banyak buat semua kenangan, obrolan, dan tawa yang pernah kita bagi di sini. aku bener-bener hargai semuanya. kalau ada salah kata atau tingkah, aku juga minta maaf sebesar-besarnya. semoga kita semua bisa jadi pribadi yang lebih kuat, lebih baik, dan lebih bahagia di jalan masing-masing.

doa terbaikku buat kalian semua. wassalamualaikum 🙏",302,1850,4.957,4,sangat_panjang,387.857
136418,2025-08-12T12:51:33+00:00," 
 
 
Judul: Aku Ingin...  
Bab 3: Reruntuhan dan Doa  

Gaza, Palestina – Pagi Yang Seharusnya Bahagia  

Pagi itu seharusnya menjadi hari terindah dalam hidup Syahza. Koper kecilnya sudah terpacking rapi, berisi beberapa pakaian, buku-buku kedokteran bekas pemberian guru lamanya, dan foto keluarganya yang diambil sebelum perang memporak-porandakan segalanya. Umi Hanan sedang menyiapkan roti tipis dan teh mint sarapan terakhir sebelum kepergiannya ke Mesir.  

“Jangan lupa jaga kesehatan, jangan begadang belajar, dan…” Umi Hanan terisak. “Jangan lupa sholat.”  

Syahza memeluk ibunya erat. “Aku janji, Umi. Aku akan pulang membawa gelar dokter.”  

Abi Firas mengusap kepala Syahza, wajahnya tegar tapi matanya berkaca-kaca. “Gaza menunggumu, Sayang.”  

Di luar, Rami sudah menunggu dengan motor tua yang sering mereka pakai ke mana-mana. Dia akan mengantarnya ke perbatasan Rafah, tempat bus ke Kairo sudah menunggu.  

“Kau siap?” tanya Rami, mencoba terdengar santai meski jantungnya berdegup kencang.  

Syahza mengangguk, tapi sebelum sempat menjawab  

BOOM!  

Suara ledakan mengguncang bumi. Langit tiba-tiba berubah merah. Rumah-rumah di sekitarnya bergoyang seperti kartu remi.  

“SYAHZA! TUNDUK!” Rami berteriak, menariknya keras.  

Tapi terlambat.  

Dinding di sebelah mereka runtuh. Syahza merasakan pukulan keras di punggungnya sebelum dunia menjadi gelap.  

…  

Ketika dia membuka matanya, yang terlihat hanya debu dan asap. Napasnya tersengal, kakinya terperangkap di bawah beton. Di kejauhan, dia mendengar jeritan, teriakan nama-nama, dan suara Rami yang panik memanggilnya.  

“RAMI…!” suaranya parau.  

Dia mencoba menggerakkan tangannya, tapi sakit yang menusuk membuatnya menjerit. Darah mengalir dari luka di dahinya, mengaburkan penglihatannya.  

“Aku di sini! Aku di sini, Syahza! Jangan tidur! Dengarkan suaraku!”  

Tapi suara Rami semakin jauh.  

Syahza memejamkan mata, bibirnya bergetar membisikkan doa. “Ya Allah… aku masih ingin jadi dokter… aku masih ingin membantu mereka…”  

Di antara debu dan reruntuhan, beasiswa, Mesir, dan mimpinya seakan menguap.  

Tapi Gaza tidak pernah mematahkan mimpi dengan mudah.  

Dan selama masih ada napas, pertaruhan belum berakhir.",303,2142,5.746,4,sangat_panjang,387.857
135680,2025-07-27T13:37:18+00:00,"#bot 


 

Bagaimana cara membentengi diri agar selamat dari kiriman-kiriman dukun santet yang membuat kita menjadi malas?
￼
Eko Dwi Saputra
 · 
Ikuti
The Mind Navigator3thn
Belajarlah. Perbaiki logika… hingga suatu kesimpulan bahwa santet itu gak ada. Atau sampai kamu akhirnya paham santet yang dipahami orang itu deperti apa.
Hanya orang yang percaya santet yang bisa disantet.
Sebenarnya santet itu adalah modifikasi dari hipnosis. Karena saya adalah praktisi hipnosis, jadi saya tau banget bagaimana santet bekerja.
Saya ajarin nyantet orang ya? Mau?
Oke, kalau mau silakan lanjut baca...
Ini tanpa puasa, tanpa mantra, tanpa jin, tanpa ritual mistis apapun, yang penting si target percaya takhayul dan percaya santet. Yang diperlukan cuma terror psikologis. Lebih baik lagi jika anda paham ilmu hipnosis modern.
Ya, ini cuma terror.
Oke, gini caranya;
Cari atau buat benda-benda yang dianggap mistis seperti yang umumnya para dukun gunakan, misalnya;
-Boneka santet.
-Bungkusan kain putih diisi benda tajam.
-Telur busuk/bangkai.
-Bunga pandan.
-Rambut.
-Foto sang target yang dilumuri darah.
-Nama sang target yang disilang.
-Tulisan dengan huruf aneh.
-Potongan tubuh hewan.
-Benda apapun yang menyeramkan.
￼
Ingat benda-benda itu hanya 'gimmick', cuma properti yang sama sekali gak ada 'isi'nya.
Taruh benda-benda itu di halaman rumahnya atau tempat yang kira-kira mudah ditemui sang target. Dan lakukan itu paling tidak seminggu berturut-turut.
Seperti yang saya bilang tadi, syaratnya si target harus percaya hal-hal gaib seperti santet, ini syarat yang paling penting karena kalau orangnya termasuk skeptis ini gak bakal mempan.
Nah, karena si target tadi percaya dengan santet kemungkinan sang target secara psikologis merasa diserang. Setelah itu mungkin dia mulai memiliki beban pikiran tentang siapa yang mengirimkannya. Mulai cemas apa yang akan terjadi padanya nanti. Mulai berprasangka pada orang-orang yang mungkin sedang bermasalah dengannya. Mulai memikirkan siapa saja yang mungkin dendam padanya. Tidurnya jelas mulai gelisah, hari-harinya gak tenang, makan mulai gak teratur, badan mulai gak fit, semua dikarenakan misteri yang menimpanya beberapa hari ini. Memikirkan hal ini berhasil membuatnya gak bersemangat dalam melakukan apapun. Sedang orang lain di dekatnya melihatnya mulai linglung.
Untuk menambah kekuatan efek sugestinya, buatlah isu bahwa dirumahnya sering terlihat penampakan hantu atau kalau lewat depan rumahnya ada perasaan merinding. Anda tau ini cuma isu bohong. Lalu ceritakan itu pada orang lain, dan biarkan isu ini menjadi heboh sekampung, kemungkinan besar cerita itu akan sampai pada teling sang target. Jika dia mendengar itu maka itu akan lebih menyiksa pikirannya.
Gak akan lama setelah itu, si target pasti jatuh sakit. Jika dibawa ke dokter akan sulit dicari penyakitnya secara medis, karena ini jelas penyakit psikologis (psikosomatis) yang kita rekayasa. Karena dokter gak mampu menangani, maka makin memperkuat keyakinan si target bahwa ini memang hasil guna-guna. Isu yang disampaikan dari mulut ke mulut juga berpotensi menjadi lebih heboh dari versi aslinya, dan ini juga berkontribusi memperburuk dan meracuni psikologis sang target.
Diobati ke dukun dan paranormal juga bakal percuma, karena ini bukan gangguan makhluk halus. Ini penyakit psikologis yang dianggap mistis.
Ke dokter salah, ke dukun salah, ha ha ha... Sulit sembuh.
Kejam kan? Ya, padahal triknya sederhana.
Nb:
Trik ini mohon diambil sisi positifnya aja. Gunakan informasi ini untuk menghindari bukan justru melakukannya. Be wise.

4,1 rb tayangan
Lihat 6 dukungan naik
Jawaban diminta oleh 
Daida
1 dari 6 jawaban
Dukung Naik
6
2
￼
Tambahkan komentar…
Komentar
Disarankan
￼
Putra86 86
 · 2thn
soluinya
Balas
￼
W. Widjaja
 · 1thn
yaampun gilaaa keren banget penjelasannya. triknya solutif 😂",566,3808,5.507,4,sangat_panjang,387.857
133487,2025-06-16T10:43:25+00:00,"#rwr 
 
 
guaa mauu curhat tntng hidup gua yg ntah hrus hrs gmna skrg, bokap gua di polres krna ksus kehilngn mobil yg akhirnya dia hrs nanggung itu+ketpu berjuta² sm org, usha steam hrus bngkrut, bner² klg
 gua udh gda rumah,gua bner bner ksian liat emak gua hrs berjuang sndri disisi lain gua mau bntu tapi gua blm trllu bisa aplgi smpe di blg modus, itu bs buat byr kntrkn bla bla dll, pdhal buat shri shri aja gada gua punya ade 2, yg stu kelas 3 sd hrus berhenti sekolah dn yg kdua tu msi 2 tahun yg msi hrus beli kprluan dia ssunya dn yg lainnya, kdg sedih liat hidup gua skrg ini makan  cma nasi kdg klau ada uang beli mie itupun mie sakura yg msi mura 2 rbuan, beli 2 buat mkan ber 4 sma mma, mma kerja jdi art dan dia blm ada sbulan mma sllu curhat ke gua gmna ya buat shri harinya msa minjem trus aplgi msi ada hutang bapa kmu ka smpe mma gua ngcht gua kaya 21/5, 21.31] moms: Kdng bu sedih lihat Ade km jajan dibatasi,g ky dlu..mudhn Bu udh Krj pasti insya Allah ketutukn,semua.
ada info ga gys kerjaan buat 15 tahun daerah depok butuh bgt buat shri hri gua lebih mentngn ade gua yg kcil ksian yg bsa kerja bsok beras udah mau hbs, nnt mkannya gmna buat ade kerja apa aja gppa yg penting halal mau 5ribu juga gppa biar bs kebeli mknan atau beras 😢

tp kdg gua mkir knpa hidup gua hrs sbrt ini ya, di tmbh gua hrs jd ank prtma rsnya gua mau prgi jauh buat dptn uang buat emk gua ama ade ade gua mau hidup gua gmna pun gua mau liat mrka bhgia, tp gua gtau hrs gmna lagi:(",303,1472,3.789,4,sangat_panjang,387.857
132230,2025-05-27T13:13:15+00:00," 
 
 
sakit hati+sedih bngt, selalu disalahin orang termasuk ortu setiap beberapa kelakuan buruk yng dilakuin adek, pasti selalu bilang ""ini pasti yang ngajarin ga bener kamu"" kaya salah aku apa? padahal sikap buruk adek aku itu pasti nambah setiap abis main sama temennya, adek aku kadang suka ngomong kasar itu temennya yang ngajarin yang disalahin juga aku, sedangkan aku dirumah aja dengan kesadaran penuh ga pernah ngomong kasar di hapadan orang orang. aku dirumah aja buat komunikasi sama orang rumah jarang banget kecuali libur itupun kalo penting doang, setiap pulang sekolah sore langsung istirahat malem nya jarang banget ngobrol paling langsung tidur terus besoknya bangun langsung berangkat sekolah gaada waktu buat ngajarin ga bener tapi kaya gitu yang disalahin aku.. udah itu setiap pencapaian aku ga pernah di apresiasi, mereka selalu bilang ga pernah nuntut aku, tapi kalo nilai aku turun jelek gitu langsung di bahas habis habisan seolah olah selama ini nilai aku buruk terus, mereka nuntut halus. terus yang paling aku benci pasti keluarga aku itu suka banget ngurusin hidup aku dibilang anak durhaka lah ga berbakti sama ortu, dibilang anak ga bener cuma gara gara main hp senyum sendiri, selalu dibuat bahan contoh kalo baik gppa tapi ini buruk, buruk banget buat perasaan aku, soalnya dulu muka aku break out mereka langsung bilang ke anaknya terang terangan di depan mata aku misalnya bilang ""jangan pake aneh aneh nanti muka kamu rusak kaya *ngebut nama aku"" itu ga sekali dua kali bahkan udh berkali kali, omongan mereka jahat banget padahal aku juga gamau punya muka kaya gini..  kita aja jarang banget ketemu tapi seolah olah udh kaya ngurusin aku dari bayi...
(maaf ya kalo berlebihan cuma pengen keluarin unek"" aku selama ini aja)😿😿",285,1754,5.042,4,sangat_panjang,387.857
129364,2025-04-17T10:56:41+00:00,"#sir 
 
 
111111¹1¹¹²²\²2²,2,,,org z 2,22,h, ,22,,2,2,22,,2,2,2,2,,222322z2222,22232,2222,22,,2,2,2,,,2,222w,,,w,,,,w,e,e,e,ewe,,3,w,ww3,,3,22,,3,2!2,,,3,332,2,,2,22,,,33,,3,,22,,,,,!w,,w,,w,,w,2,e,e,,ne,22,w,w,2,e,w,,e,e2,,,w,,,,,e,,,,ee,,ewee,,eee,e,,e,w,ww,e,w,,w,w,w,e,ee,e,s,e3,,,3,$3,,3e,,e,e,e,w,,w,w,w,,2,,e,e3e,e,e,e,333e3,,3,3,,3,3,2we22,3,,e,w,e,e,e,e,e,e3,3,,3,3,,#3e3ee,e,,e,,e,e,we,e3,,2wwee3,,323,3333e,ww,w,we,e,ewee,sew,e,3,3e,ee,e3,3e333333,2,eee,e32e,e,3322w,wwe,ee,e,e,e,2*ee,eeee3,3,33,2,3,23,22,2,3,2,32,2e,e,e,e,e,e,e,e,ee,ee,,w,e,e,e,e,w,ww,w,w,ee,,e,w,w,e3,e33e,3,e33,33,333,3,33333333,3*3,32e2,3e,,ew,we,3e33,33,2,3e,e3,3,3,3,3,2,#,3*3,33,3,33,2,32,3,,3,ee,,e,e,ew,e,e3,33e,ee,e,,e,,,e,,e,e,e,,w,w,w,,ee,e,,e,w,e,,ee,w,w,,e,e,e,e,,ee,,e,ee,e,e,,ee33,3,2,3,3,,333,3,3332,,2,223,33,33,33,333,33,3223,2!,332#,2,,3,3,3,3,,32,2332,3,3,33,3,,33,,3,ee333,3,333323,33,3333,,,3,,3e,e3,3,3,,3,333,2223,,,3,,3,3e,e,eee,ee,e,eeee,eeeee,e,eee,eeee,ee,ee,eeee,e,ee,e33,3,3e,e,,e,eee,eewee,ee,eee,3,33,3,3,3,3,33,33,2,,3,3333!!33,?333,2,22322333223,3,32weneeneeeeeeee3,ne3,333,,,33222,333,3,333,33eee,eeeeee3,3,333,33333$3333e,e,ee,nw,eee,we,eennee,neewwww,,e,,weeee,ew,,e,e,e,,ee,eew,,,w,,vehe,ge,e,g,ege,y eg y g g eg y g e,g g g gw,ey ,ggggggeg g.  ge,g g,ewe,ggg gg g,ggggw ggggggggg.   w. e,z e, e, $, ee 3 v#$ evg,veew,,e ee g weeeeeg eg,eeeeegg eggeggg g ghg,eg eggggeg wweeeeeggeyyg yg,yey a wggyeg wywg,gegey geegegwey,eewweeegge gg egggee eeeeegewee g gegg egweggwg gggeewwwggggggyye2w,w",435,1500,2.161,4,sangat_panjang,387.857
129333,2025-04-16T18:47:34+00:00," 
 
 
guys mau cerita jadi kan aku dikit lg nikah ya terus acaranya di tempat cowoku.
kan kalo biasanya nikah ditempat cewe ada seserahan kasi uang ke pihak cewe ya nah ini mamahku nanya hal ini kan, yauda aku sampein ke cowo aku.

ku tanya tapi responnya kurang baik ya kaya mau lepas tangan ga kasi uang ke pihak aku gitu terus muka aku kan asem gitu ya terus cowoku bilang  yauda nanti kasi nominal sekian gitu cukup ga?

nah aku sampein ke mamahku dia malah kesel mestinya mamah aja yg ngomong hal ini ke dia.  aku ngerasa di gaslight. padahal dia nyuruh aku nanya.
yauda aku diem kan terus ada bapa aku dia bilang 'yauda kalo pihak cowonya gamau bantu buat syukuran disini gapapa semoga uang yg ada cukup ya'

jadi mamahku ini nanya pendapat oranglain terus akhirnya dia pusing sendiri, aku di omelin terus perihal pernikahan ini

terus bapaku bilang gausa dengerin apa kata oranglain, kita gatau kan niat mereka itu apa (mamahku nanya ke kakanya yg mana waktu dulu nikahin anaknya dia jor joran sampai hutang sana sini) bisa jadi niatnya mau jerumusin kita samakaya yg kakanya lakuin dulu.

padahal di acara nikah nanti ini semua biaya full dar cowoku aku ga dituntut bantu sama sekali dia matimatian ngegocar sampai dalam waktu singkat udah kekumpul uang buat nikahnya.

aku paham bgt soal mungkin dia gabisa kasi ke keluarga aku uang (ini belum fix jadinya gimana) kalaupun ga dikasi aku paham bgt semuanya itu dia
yg bikin aku sakit hati omongan mamah masa katanya ""yauda rezekinya aku di nikahin tuh segini"" kaya aku tuh nikah ga berharga bgt gitu
padahal ini estimasi nikahnya aja 60jt an gatau kurang atau lebih

apa ga cukup kah aku dengan di usahain sama cowoku sebegitu kerasnya tapi omongan orangtua tuh ada aja yg bikin sakit hati, belum lagi pas belum nentuin tanggal pernikahan malah mamahku bilang ""kenapa dipersulit ya cari tanggal aja firasat apa ini""

kalau dipikir aku beruntung aku nikah ga patungan sama cowoku, terus aku juga udah dibeliin rumah buat tinggal nanti sama cowoku. 

menurut kalian aku perasa bgt ga kalo aku sakit hati sama omongan mamah? 
terus dari sepenggal ceritaku ini ada masukan tentang cara berpikirku ada yg salah atau gimana?",371,2157,4.747,4,sangat_panjang,387.857
129276,2025-04-16T02:45:51+00:00,"#aleora. 
 
 
HAII TEMANN TEMAAN BESTIE ONLINE SELAMAAT PAGII 🌤🌞

AKUUU MAU CERITAAA INI SEDIHH BGTT TEMAN TEMANN . . . . . 😊😞
aku dulukan pas sd les dideket rumah trs waktu itu ada cowo dia dulu sering bantu' aku ngerjain soal dari les itu, tpii waktu itu aku nama kalau ga salah itu inisial J. smp aku ga les lagi disitu dan sebelum berhenti les pun cowo itu udh ga les duluan. SMA kelas 10 aku main bot leo di tele ketemu cowo , pas kenalan itu ternyata rumah dia lumayan deket  sama rumahku, dan ternyata rumah dia samping tempat les ku dulu. aku tanyaa nama dia siapa ternyata sama kaya temenku les dulu. AKU SENENG BGT BANGETT KETEMU DIA LAGII DAN TERNYATA DIA INI SATU SMA JUGA SAMA AKU SKRNG KELAS 11 . kalau ditanya suka dia ngga akuu sukaa sekalii 🤍🤍🤍 TAPII DIA REDFLAG 🚩 BGT WKWK. waktu hts an dia banyaa boong tapi aku ga mempermasalahin sih toh masih hts , setelah deket bbrpa bulan dia nembak aku jadi pacar nya aku mauu ( because he is the person i've been waiting for all this time🥹 )trs dulu aku nanya tntng mantannya kata dia 2 mantan cewenya ini tukang selingkuh semua disini tbtb aku jadi mikir sesuatu njir kaya "" koo bisa cowo se effort dia sebaik dia nge treat cewenya juga dengan baik mana royal lgi"" tapi dia pas pacaran ini makin sering bohong best nnti dia minta maaf tapi besooknya diulangin pernah sekali dia ketawan chatan sama cewe lain tpi pas aku tanya malah boong, aku capee lah ya dia boong trs mana boongnya bawa bawa ortu dia trs aku jadi mikir knpa ya mantanya dlu bisa selingkuh tpi entah kenapa kejawab sama sikap sikap dia sendiri. aku gamau gara' ada aku dia jadi buat alesan yg harus boong dan boong yg kadang"" bawa ortu akhirnya aku minta udahan sama dia. but i really love him and i miss him 😩😩😩 dia yg selalu aku tunggu selama ini tapi dia yang menjadi kekecewaan ku juga, tapi yauda si geys soale pemain leo juga tapi aku sedihh bgtt soalnya aku masihh sayang diaaa , plis kasih kata kata yang buat aku ilfil biar cepet move on 😭😭😭😭😫",356,1973,4.368,4,sangat_panjang,387.857
129231,2025-04-15T13:01:48+00:00," 
 
 
#random

[15/4, 16.05] .: ajg ternyata aku doang yg di block
[15/4, 16.05] AL: Masih aja dipikirin
[15/4, 16.05] .: kalo bisa kembali kenapa engga ?????
[15/4, 16.06] .: kalo aku gabisa makan siapa yang mau biayain?? 
[15/4, 16.06] .: belain itu maling
[15/4, 16.07] AL: Misal ketemu terus berharap masih bisa ngembaliin? 
[15/4, 16.07] AL: Ketemu sama malingnya
[15/4, 16.07] .: seengake setengah atau paling engga aku bisa maki2 dia
[15/4, 16.07] .: aku emang orangnya ga gampang ikhlas
[15/4, 16.07] .: bodo amat
[15/4, 16.07] .: dia bukan siapa-siapa ku
[15/4, 16.07] .: najiss
[15/4, 16.07] .: mending uang segitu buat ngasih adikku
[15/4, 16.08] .: mana uang lembur ku belum turun
[15/4, 16.08] .: aku sekarang mau makan pake apa? 
[15/4, 16.08] .: duit ku dicolong ajg
[15/4, 16.08] AL: Yaudah kalo mau maki2 anggep aja aku malingnya
[15/4, 16.09] AL: Coba mau Gimana
[15/4, 16.09] .: ga peduli
[15/4, 16.09] .: aku usaha sendiri
[15/4, 16.09] .: kalo gamau bantu yaudah
[15/4, 16.09] .: bisa sendiri
[15/4, 16.10] .: dia foya2 pake uang ku yang dia colong
[15/4, 16.10] .: disini aku gabisa makan
[15/4, 16.10] .: suruh ikhlas aku mati kelaperan ??? 
[15/4, 16.10] .: aku ga punya siapa-siapa, apa-apa sendirii bukan masalah ikhlas ga ikhlas
[15/4, 16.10] .: aku gaada yang nopang
[15/4, 16.10] .: aku hidup pake usahaku sendiri, jerih payah ku sendiri
[15/4, 16.11] .: kalo gini makan minta siapa? 

ini posisi chat sama cowoku yang bilang ikhlasin2 doang soal uangku yg dimaling, kalo bisa ketemu kenapa engga, dia ga mikir apa aku makan pake apa? dikira beli makan pake daun ajg babik mnyt",307,1593,3.59,4,sangat_panjang,387.857
129205,2025-04-15T08:15:53+00:00," 
 
 
Hidup sy nggak pernah gampang. Saya lahir di keluarga yang bisa dibilang cukup kekurangan, dengan pendapatan orang tua cuma sekitar 1,5 juta per bulan. Dari kecil, saya udah belajar gimana caranya bertahan dan nggak nambah beban orang tua. Saya bersekolah di sekolah negeri favorit di kabupaten, jadi bisa terus sekolah tanpa bikin orang tua pusing mikirin biaya SPP.
Setelah lulus SMA, saya beruntung dapat beasiswa penuh dari pemerintah untuk kuliah di salah satu universitas terbaik di Indonesia. Walaupun kondisi finansial masih sulit, saya berusaha banget supaya nggak ngecewain orang tua. Alhamdulillah, saya lulus tepat waktu dengan IPK 3.27, meskipun selama kuliah saya banyak banget ngerasain tantangan dan rintangan. Saya bener-bener berusaha supaya IPK saya nggak turun di bawah 3.00, supaya beasiswa nggak dicabut.
Setelah lulus, saya coba kerja di sebuah perusahaan manufaktur bahan bangunan sebagai staff QC. Tapi saya cuma betah dua bulan di sana, karena beban kerja yang berat banget, gaji kecil, dan benefit yang nggak sesuai. Meskipun sempat ditawarin kenaikan jabatan dan gaji, saya akhirnya memilih keluar karena udah kecewa dengan kondisi kerjanya.
Lalu, saya dapat kesempatan kerja di salah satu perusahaan tambang nikel terbesar di Indonesia. Di usia 22 tahun, saya mulai bekerja sebagai Foreman dan berhasil lolos probation jadi karyawan tetap. Gaji sekarang sudah lebih baik, sekitar 13 juta per bulan. Saya bersyukur banget, karena meskipun mulai dari bawah, akhirnya saya bisa sampai di sini dengan kerja keras dan ketekunan.
Mungkin perjalanan hidup saya nggak sempurna, banyak banget cobaan yang datang. Tapi setiap hal yang saya jalani mengajarkan saya banyak tentang pentingnya usaha dan nggak gampang nyerah. Saya belajar kalau hidup itu nggak selalu mulus, tapi selama kita nggak menyerah, kita pasti bisa terus maju.
Saya cuma mau bilang, hidup memang nggak gampang, tapi jangan pernah merasa kalau kita nggak bisa berhasil hanya karena dari mana kita berasal atau seberapa berat tantangan yang kita hadapi. Semua orang punya kesempatan, dan kita bisa ubah nasib kita sendiri. Semoga cerita ini bisa sedikit memberi semangat buat kalian yang lagi merasa terpuruk.
Semoga curhat ini bisa memberi semangat dan inspirasi!",345,2252,5.397,4,sangat_panjang,387.857
128937,2025-04-11T15:32:35+00:00,"#inty_orang 
 
 
[11/4 23.11] 🦖: mau sampe kapan kmu merasa terkucilkan sperti iniiii
[11/4 23.11] 🦖: Yoo bngkit
[11/4 23.11] 🦖: jangan stalk di zona nyaman
[11/4 23.11] 🦖: heyyy ingatff
[11/4 23.11] 🦖: kmu anak pertama
[11/4 23.12] 🦖: udah bukan masanya kamu untuk main""
[11/4 23.12] 🦖: ayooo
[11/4 23.12] 🦖: bangkitlah dari zona nyaman
[11/4 23.12] 🦖: capek?
[11/4 23.12] 🦖: pasti itu
[11/4 23.12] 🦖: tapi jngan nyerah
[11/4 23.13] 🦖: hanya hal spele seperti itu membuatmu overthinking?
[11/4 23.13] 🦖: hal se spele itu membuatmu down
[11/4 23.13] 🦖: heyyy dunia ini lebih kerasss brooo
[11/4 23.13] 🦖: aku yakin kamu bisaaa
[11/4 23.13] 🦖: aku yakin kamu bangkiitt
[11/4 23.13] 🦖: jangan merasa terpuruk
[11/4 23.14] 🦖: semangat terusss yaaa
[11/4 23.14] 🦖: udah
[11/4 23.14] 🦖: stop punya pemikiran overthinking
[11/4 23.15] 🦖: overthinking hanya untuk orang yg gak percaya diri
[11/4 23.15] 🦖: faham?
[11/4 23.15] me: hm
[11/4 23.16] 🦖: semangat yaaa🙂
[11/4 23.16]me: iyaa, kamuu jugaa
[11/4 23.16] 🦖: udah
[11/4 23.17] 🦖: setelah ini jangan lagi ada rasa overthinking di dalam hatimu
[11/4 23.17] 🦖: jadilah dirimu sendiri, jangan pernah menyusahkan orang lain selagi kamu bisa
[11/4 23.19] deaaa: iyaa
[11/4 23.20] 🦖: heyyy
[11/4 23.20] 🦖: masih overthinking?
[11/4 23.20] me: sedikit
[11/4 23.20] 🦖: udah
[11/4 23.20] 🦖: gkpp yaaa
[11/4 23.21] 🦖: aku tauu
[11/4 23.22] 🦖: kmu itu baik kok, gak ada yg salah sama kamu, mungkin memang mereka aja yg seperti itu
[11/4 23.22] 🦖: kmu jngn punyaa rasa benci sama mereka
[11/4 23.22] 🦖: kecewa bolh, tapi jngn berlebihan
[11/4 23.22] me: siappp
[11/4 23.23] 🦖:  🫠

beruntung banget bisa kenall kamuuu❤‍🔥",323,1647,3.464,4,sangat_panjang,387.857
128932,2025-04-11T14:23:54+00:00,"#Cocomatcha 
 
 
aaaaa:
btw mau tanya dongg

tipe cewe nya mas gimana?

Akmad Hmm:
ya

Yang mau sama aku

aaaaa:
itu bukann tipee

Akmad Hmm:
Wkwk iya

aaaaa:
I mean, what kind of girl do you want?

Akmad Hmm:
yang cantik , dan yang bisa di ajak jalan², ngobrol dll

aaaaa:
semisal yaa kamu ternyata dpt cewe yg gk cantik, tetep mau gk?

Akmad Hmm:
ga tau

aaaaa:
why?

Akmad Hmm:
tergantung

aaaaa:
Do you think a relationship is just about looks?

Akmad Hmm:
orange

aaaaa:
tergantung orangnya gimana?

klo gk cantik, trus kmu gk mau gitu?

sorry, but i think you're looking too much at it just from the cover

Akmad Hmm:
Nga tau

coba liat foto kamu Del bole

Iya gpp

aaaaa:
why?

kamu mau tau aku cantik atau engga kah?

wkwkkwk

Akmad Hmm:
Biar tau orange

Nga tau

aaaaa:
kenapa dari tdi jawabnya gatau mulu sih?

Akmad Hmm:
Kan belum pernah ketemu

kalo ngobrol face to face , kan jadi tau karakter sifat orang nya

aaaaa:
Wait, I'm not talking about myself here. I just want to know what your type is

Akmad Hmm:
Tp kamu pintar b. Inggris yah

aaaaa:
emang bisa langsung tau karakter orang secepat itu?

Akmad Hmm:
bertahap sih

aaaaa:
bahkan aku baru bisa tau dan paham karakter sahabat aku setelah  hmpir 12 tahun satu sekolah bareng

tpi kenapa pengin tau karakter orangnya?

bukannya tadi your type kyk ini?

Akmad Hmm:
iya

kalo cewe ya cantik laa

aaaaa:
well that's it

Akmad Hmm:
kalo cowo ganteng

kalo cantik bukan haya dari wajahnya si , kalo hatinya juga bisa

aaaaa:
semua cowo pasti pengin punya cewe yg cantik lah ya🙄

that's the important point

tapi sayangnya di awal kamu gak menjelaskan itu, bahkan kamu juga ragu waktu aku tanya ""kalo dpt cewe yg gk cantik gimana""

Akmad Hmm:
emang buat apa si tanya² gitu

aaaaa:
ya tanya aja

karena pasti cewe sukanya tuh sama cowo yg punya pemikiran maju

gak patriarki, wawasannya luas, dan bervalue

Akmad Hmm:
pada intinya kalo cowo itu suka sama cewe yang di sukainya , kalo ngga suka ya ngak mau laa

aaaaa:
bahkan bukan cuma cowo yg begini kok

cewe pun smaa

bahkan semua orang di dunia ini kayk gitu😭

oke lahh back to topik

topik awal kann aku bahas tipe yaa

kamu tauu gk sihh apa yg di mksud tipe ituu?

kek apakah selama ini kmu suka cewe hanya karena cewe itu cantik? hanya sekedar suka yg ""oh dia cantik, aku suka, aku naksir"" gitu?

jdi setiap ada cewe cantik di dunia ini langsung naksir gitu?



MENURUT KALIAN BAGAIMANA GUYSS",431,2347,4.271,4,sangat_panjang,387.857
128111,2025-04-02T15:22:26+00:00," 
 
 
""PERMOHONAN MAAF IDUL FITRI 1446 H – DISERTASI PENUH KESADARAN DAN RASA MENYESAL YANG DALAM""

BAB I: PENDAHULUAN
1.1 Latar Belakang
Seiring berakhirnya bulan suci Ramadan, di mana umat Islam berlomba-lomba dalam kebaikan dan introspeksi diri, penulis merasa perlu menyusun dokumen permohonan maaf secara komprehensif. Hal ini didasari oleh kesadaran bahwa selama 11 bulan terakhir, mungkin terjadi kesalahan verbal, nonverbal, maupun tindakan yang tidak disengaja namun berpotensi menimbulkan luka di hati pihak-pihak terkait.  

1.2 Rumusan Masalah
- Apakah penulis telah melakukan kesalahan? (Jawaban: Sangat mungkin)  
- Apakah kesalahan tersebut disengaja? (Harapannya sih enggak, tapi manusiawi kalau iya)  
- Bagaimana cara memperbaikinya? (Dengan mengirimkan dokumen permohonan maaf ini)  

BAB II: TINJAUAN PUSTAKA
2.1 Definisi Salah & Khilaf
Berdasarkan referensi Kitab Hati yang Gampang Tersinggung (2023), kesalahan dapat diklasifikasikan menjadi:  
- Salah sengaja (karena emosi/kurang sabar)  
- Salah tidak sengaja (karena ketidaktahuan/keteledoran)  
- Salah karena salah paham (biasanya berujung debat panjang di grup WA)  

2.2 Dasar Hukum Meminta Maaf
- Q.S. Al-Hujurat: 10 – ""Sesungguhnya orang-orang beriman itu bersaudara...""  
- Hadits: ""Barangsiapa meminta maaf akan diampuni (asalkan niatnya tulus dan tidak diulang lagi)"" (HR. Hati yang Legowo)

BAB III: METODOLOGI
3.1 Sumber Data
- Catatan kenangan buruk yang mungkin tersimpan di memori penerima pesan  
- Screenshot chat yang kurang sopan  
- Janji-janji yang terlupakan (""Nanti kita kopi darat!"" tapi taun depan belum ketemu juga)  

3.2 Teknik Analisis 
- Refleksi diri sambil makan ketupat  
- Evaluasi sambil silaturahmi (bisa via online/offline)  

BAB IV: HASIL DAN PEMBAHASAN
4.1 Daftar Kesalahan Potensial
- Kategori Ringan: Bales chat telat, bercanda kelewatan, atau ghosting tidak sengaja.  
- Kategori Sedang: Ngambek tanpa penjelasan, memotong pembicaraan, atau sok tau.  
- Kategori Berat: Lupa hari penting, nge-gosip, atau makan bakwan teman tanpa izin.  

4.2 Rekomendasi Solusi
- Maafkanlah penulis, niscaya dosa-dosa kecil akan terhapus seperti file sampah di Recycle Bin.  
- Untuk kesalahan spesifik, bisa dilaporkan via DM/email, akan segera diproses maksimal 2x24 jam.  

BAB V: PENUTUP
5.1 Kesimpulan
Penulis menyadari bahwa sebagai manusia, kesalahan adalah hal yang tak terelakkan. Namun, Idul Fitri adalah momentum untuk meng-upgrade diri ke versi yang lebih baik.  

5.2 Saran
- Mari kita hapus cache kebencian dan install ulang persaudaraan.  
- Cache dan cookies pertemanan bisa di- clear, tapi jangan sampai delete hubungan silaturahmi.  

LAMPIRAN  
- Doa tulus agar hubungan kita selalu compatible di dunia dan akhirat.  
- Virtual THR berupa senyuman dan harapan baik.  

""MOHON MAAF LAHIR & BATIN!  
SALAM LEBARAN, SEMOGA KITA BISA REBOOT HUBUNGAN KE MODE TERBAIK!"" 🎉🥳  

(Tanda tangan & cap jempol digital)

CATATAN: Dokumen ini berlaku surut sejak 1 Syawal 1446 H hingga ditemukan kesalahan baru. Segala bentuk protes bisa disampaikan sambil makan opor ayam.",430,3004,5.637,4,sangat_panjang,387.857
123342,2025-02-15T13:57:24+00:00," 
 
 
hai nder, aku mau cerita, jadi tadi siang aku di suruh bunda ke warung buat beli gula,dari rumah aku sampai warung memang sepi tu. pas aku pulang dari warung, ada 2 cowo boncengan, mereka dari jauh memang udah kelihatan mau berhenti gitu, pas udah di dekat aku, ternyata memang berhenti. 1 cowo nya turun 1 cowo nya lagi tetap di motornya, di sana aku udah bener bener ketakutan, akhir nya aku lari aja, aku lagi udah gak bisa lagi di jalan soal nya aja mereka, jadi aku lari nya di parit parit. tangan cowo yang turun itu udah hampir nangkap tangan aku, tapi aku terus lari aja, akhirnya mereka pergi dan aku sampai ke rumah, pas udah mau masuk rumah aku ngelihat kaki aku ternyata lecet dikit karna duri di paritnya, pas udah di rumah aku gak cerita sama sekali sama bunda dan ayah aku. tangan aku gemeter banget sampai kaki aku, dari pas lari sampai ke rumah terus gemeter ketakutan:( #hsgirlhai nder, aku mau cerita, jadi tadi siang aku di suruh bunda ke warung buat beli gula,dari rumah aku sampai warung memang sepi tu. pas aku pulang dari warung, ada 2 cowo boncengan, mereka dari jauh memang udah kelihatan mau berhenti gitu, pas udah di dekat aku, ternyata memang berhenti. 1 cowo nya turun 1 cowo nya lagi tetap di motornya, di sana aku udah bener bener ketakutan, akhir nya aku lari aja, aku lagi udah gak bisa lagi di jalan soal nya aja mereka, jadi aku lari nya di parit parit. tangan cowo yang turun itu udah hampir nangkap tangan aku, tapi aku terus lari aja, akhirnya mereka pergi dan aku sampai ke rumah, pas udah mau masuk rumah aku ngelihat kaki aku ternyata lecet dikit karna duri di paritnya, pas udah di rumah aku gak cerita sama sekali sama bunda dan ayah aku. tangan aku gemeter banget sampai kaki aku, dari pas lari sampai ke rumah terus gemeter ketakutan:( #ell",325,1787,4.366,4,sangat_panjang,387.857
118279,2025-01-03T13:14:38+00:00,"#anon Halo kenalin aku Alfian dari JATIM, lahir pertengahan tahun 2002. Izin cerita dikit yaah. Jadi aku anak tunggal yg asalnya dari keluarga miskin, penghasilan kedua ortu kalo digabung aja ga nyampe 2 juta. 

Dari SD ampe SMA aku masuk di sekolah Negeri favorit se kabupatenku. Abis SMA, aku alhamdulillah lolos SBMPTN di kampus TOP 10 dengan beasiswa KIPK, ambil jurusan kimia. 

Selama kuliah, ortuku cerai, Ibu pergi ke luar negeri, sementara ayah tinggal di rumah. Tiap bulan aku mampir buat jenguk ayah. 1 tahun semenjak cerai, atau saat aku lagi skripsian, ayahku divonis kanker. Jadi aku bawa ayahku ke RSUD semarang pakai BPJS, gaada kerabat lain yg mau jenguk, cuman ada aku, buku skripsi, ama ayahku aja di RS. Selama itu aku skripsian di RS disamping ayah nemenin hingga akhir ajal menjemput ayah😢

Setelah ayah meninggal, aku lngsung hubungi ambulan buat nganter ayah ke tempat asal buat dimakamkan, selama perjalanan 8 jam cuman ada aku, sopir ambulan, dan jasad ayahku aja. 

Setelah itu, aku bertekad buat bisa lolos skripsi dan akhirnya bisa wisuda di pertengahan tahun 2024 lalu. 

Sekarang? Sekarang aku alhamdulillah bekerja di perusahaan industri pertambangan nikel terbesar se asia tenggara. Bekerja sebagai Foreman atau Mandor di divisi elektronikel. Untuk gaji kisaran 15 jutaan, dengan fasilitas apartemen gratis, tiket pesawat PP dari Jawa Timur ke Maluku tiap 3 bulan gratis, makan 3x gratis, dan laundry gratis. 

Setelah perjalanan yg aku lalui ini, aku ngerasa kek kesepian banget. Jadi aku pernah coba mau deket ama wanita, tapi aku masih ngerasa malu, soalnya gapernah pacaran. Selama ini aku kalo ama cewe cuman sebatas rekan aja, gapernah aku jalin hubungan romantis ama cewe. Boleh ga minta saran sama kalian semua, gimana sih caranya biar bisa deket dan bikin cewe nyaman, ga bikin mereka ilfill?

===
✉️ Kirimin Aku Pesan Rahasia",297,1856,5.064,4,sangat_panjang,387.857
117874,2025-01-01T09:05:59+00:00," 
 
 
https://t.me/sansfess/116407

Selamat membaca #2!

Mengapa Kecanduan dan Kompulsi Bisa Membuat Kita Tergoda: ""Coba Lagi, Kali Ini Kamu Lebih Bisa Mengendalikan""

Menghadapi kecanduan atau kompulsi memang bukan hal yang mudah. Saat kita merasa sudah bisa mengendalikan diri, tiba-tiba muncul godaan untuk ""coba lagi, kali ini pasti lebih bisa mengontrol."" Namun, kenyataannya, kita justru bisa terjebak lebih jauh dari yang kita bayangkan. Kenapa bisa begitu?

1. Gangguan Pengambilan Keputusan dan Kontrol Diri

Kecanduan atau kompulsi mempengaruhi bagian otak yang mengatur pengambilan keputusan dan kontrol diri. Ini membuat kita merasa lebih mudah untuk menerima godaan meski kita tahu itu tidak baik. Bahkan, meskipun kita yakin bisa mengontrol diri, otak kita seringkali membuat kita meremehkan konsekuensi dan lebih mudah tergoda untuk melanjutkan. Ketika kita merasa bisa mengendalikan diri, sering kali itu hanya ilusi, karena kontrol diri kita sudah terpengaruh. 

2. Peningkatan Keinginan terhadap Kenikmatan

Ketika kita terjebak dalam pola kecanduan, otak kita semakin sensitif terhadap kenikmatan atau hadiah yang kita dapatkan. Semakin sering kita melakukannya, semakin besar keinginan otak untuk mengulanginya. Bahkan ketika kita merasa sudah lebih baik dalam mengontrol diri, dorongan untuk mencari kenikmatan itu tetap kuat, membuat kita melakukan lebih dari yang kita rencanakan.

3. Penurunan Kemampuan Menahan Diri

Kecanduan juga bisa mengubah cara otak kita mengontrol dorongan. Ketika kita terjebak dalam kebiasaan, kemampuan kita untuk menahan dorongan menjadi semakin lemah. Pada akhirnya, meskipun kita berniat untuk hanya melakukannya sekali lagi, kita merasa sulit untuk berhenti dan akhirnya melakukan lebih banyak dari yang kita inginkan.

4. Pengaruh Pemicu dan Triggers

Kecanduan seringkali terkait dengan pemicu atau situasi tertentu yang memicu kita untuk melanjutkan perilaku kecanduan. Bisa jadi situasi tertentu, perasaan, atau bahkan kenangan tertentu yang membuat kita ingin kembali ke kebiasaan lama. Kita mungkin merasa sudah bisa mengontrol diri, namun ketika kita dihadapkan dengan pemicu tersebut, kontrol diri kita bisa hilang begitu saja.

5. Reinforcement atau Penguatan Perilaku

Setiap kali kita terlibat dalam perilaku adiktif, kita mendapatkan kepuasan yang seketika. Hal ini memperkuat pola perilaku tersebut, membuat otak kita semakin ""terbiasa"" dengan cara itu. Sebagian besar kecanduan bekerja dengan cara ini: semakin sering kita melakukannya, semakin sulit untuk menghentikan kebiasaan tersebut meskipun kita tahu itu salah.

Kesimpulan

Mengapa kita sering tergoda untuk ""coba lagi, kali ini bisa lebih mengontrol"" meski kita sudah tahu itu bisa berujung pada kecanduan atau perilaku yang lebih buruk? Itu karena kecanduan dan kompulsi mempengaruhi cara otak kita bekerja—mengganggu kemampuan kita untuk mengambil keputusan yang baik, memperkuat keinginan untuk kenikmatan sesaat, dan membuat kita sulit menahan dorongan. Ini adalah perjalanan yang penuh tantangan, di mana kesabaran dan kesadaran diri sangat penting. Untuk keluar dari lingkaran ini, kita perlu memahami apa yang terjadi dalam otak kita dan mengubah kebiasaan serta pemikiran yang mendasarinya.

Penjelasan Sederhana

Intinya, kecanduan bisa bikin kita merasa bisa mengontrol diri, tapi sebenarnya itu cuma trik dari otak. Otak kita jadi makin sensitif ke kenikmatan yang kita dapatkan, dan makin sering kita melakukannya, makin sulit untuk berhenti. Pemicu-pemicu tertentu juga bisa memicu kita kembali ke kebiasaan lama. Jadi, meski kita sudah niat untuk ""coba sekali lagi,"" dorongan kuat dari otak kita sering kali bikin kita melampaui batas dan melakukannya lebih dari yang kita inginkan.",525,3701,5.893,4,sangat_panjang,387.857
117279,2024-12-29T08:28:50+00:00,"#Ayangmuu 
 
 
BACA DONG!😭😭😭

Tolong akuuuu😭😭😭😭😭

cowo yg ada di mimpi ku barusan siapa? dia ultah hari ini 7 juli. (anggp aja hri ini 7 juli)

kita udah kenal lama dan dia kuliah di luar kota. Tapi sekarang dia libur dan pulkam. kami ketemu di suatu tempat/ruangan, kami cerita, bercanda, dia baik banget. Setelah itu dia izin keluar sebentar, dan katanya nanti kembali lagi ke sini. Saat di luar dia chat aku, bilang makasih udah kasih surprise ultah padahal aku ngga ada nyiapin itu semua. Dari chtnya kliatan excitd dan seneng bgt, Aku bilang itu bukan dari aku, tapi dia tetep ngira itu dari aku karena ada kado yang isinya pulpenku waktu SD (khas bgt) yang pernah aku perlihatkan ke dia. 

Ngga lama chat kita berhenti, ada bapak"" ke tempat aku nunggu ini, ternyata dia yang nyiapin ultah cowo ini dan itu suruhan dari cewe (mungkin crush cowo ini) mereka 1 kuliahan. Surprisenya mewah anjay, di dkt ruangan aku nunggu, di satu ruangan lagi dikhsuskan buat srprise cwo ini. ada kata"" di dinding, di hiass, tpi ngga ada kue ultahnya, adanya kata"" dan kado gituu. Dan sekilas isi surat di dalam kado inti bunyinya 

""hbd sayang, maaf selama ini aku mengabaikanmu, tapi setelah aku menjauh darimu, aku sadar, dan aku telah peka dengan perasaanku, aku juga suka sama kamu.Aku akan abaikan cewe ketiga (temen kuliah mereka, bkn aku soalnya di surat itu sebut nama tp bukan nmaku) yang selalu mengganggu kita. ayo bersamaku setelah aku kembali.""

Bapak"" itu kek orang berpengaruh di cowo ini selama dia kuliah di luar kota, dia kuliah tp bpk"" ini atasan cowo ini, mgkin kluarga atau bos, gatau ga jls. Bpk"" ini excited bgt nyeritain prsiapn srprise ini ke org"" sekitar di tmpt aku nunggu ini dan tentang cwe yg nyruh siapin kado itu, dia muji"" bgt cewe itu. Sedangkn aku ada di ruangan itu diem doang, sakit hati jg sih dngerin bpk"" ini cerita. Aku cmburu anjayy. 

Ngga lama cowo ini kembali, dia ke dekat aku dan bilang, ""aku ngira ini semua dari kamu, ternyata bukan, maaf ya.""
Terus aku bilang, trus semuanya dri siapa?
Dia bilang ""dari cewe tmn kuliah aku, dulu aku suka bgt sama dia, tp krn terlalu lama ngabaiin aku, aku udah ngga sesuka dulu. aku juga ngga tau perasaan aku sekarang. Tapi dari dulu aku nyamannya sama kamu, sampai kuliah aku kira perasaanku akan hilang, setelah aku semengejar itu ke cewe yg ngasih aku kado, ngga bisa ngilangin perasaan aku ke kamu. dan sekarang aku kembali di hdpn kmu, dan perasaan aku kmbali mmbesar, sdgkn prsaanku ke dia memudar. maaf ya, boleh ngga aku sesayang itu sama kmu? tpi aku ngga meminta hubungan sekrg krn aku tau km ga mau pcrn. Jadi tunggu aku selesai kuliah, dpt kerja, aku akan kmbali ke kmu""

dia ngucapin itu semua di dpn aku, di dpn bpk"" yg nyiapin surprise itu.bapak"" itu cmberutt anjay, ga sukaa sama aku. 

Tapi cowo ini setelah ngucapin itu semua dia senyum anjayyyy, manis bgttt😭😭😭.

Blm sempet aku jawab, aku kebangun. lebih anjay lagi ini kebngun pas indah""nya. 

kata"" dan percakapan di mimpi itu kurang lebih begitu ges, masih keingat bagt, barusan banget aku mimpi. aku mimpi kebangun, langsung nulis ini. mimpi ini bikin aku sakit hati dan baper di waktu yg bersamaan. aku merasa kehilangann😭😭.

 Plisss diaa siapaaa, mau dia di dunia nyataa😭😭😭😭",559,3199,4.497,4,sangat_panjang,387.857
116743,2024-12-26T15:30:29+00:00," 
 
 
kangen kangen kangen kangen kangen kangen kangen kangen kangen kangen kangen kangen kangen kangen kangen kangen kangen kangen kangen kangen kangen kangen kangen kangen kangen kangen kangen kangen kangen kangen kangen kangen kangen kangen kangen kangen kangen kangen kangen kangen kangen kangen kangen kangen kangen kangen kangen kangen kangen kangen kangen kangen kangen kangen kangen kangen kangen kangen kangen kangen kangen kangen kangen kangen kangen kangen kangen kangen kangen kangen kangen kangen kangen kangen kangen kangen kangen kangen kangen kangen kangen kangen kangen kangen kangen kangen kangen kangen kangen kangen kangen kangen kangen kangen kangen kangen kangen kangen kangen kangen kangen kangen kangen kangen kangen kangen kangen kangen kangen kangen kangen kangen kangen kangen kangen kangen kangen kangen kangen kangen kangen kangen kangen kangen kangen kangen kangen kangen kangen kangen kangen kangen kangen kangen kangen kangen kangen kangen kangen kangen kangen kangen kangen kangen kangen kangen kangen kangen kangen kangen kangen kangen kangen kangen kangen kangen kangen kangen kangen kangen kangen kangen kangen kangen kangen kangen kangen kangen kangen kangen kangen kangen kangen kangen kangen kangen kangen kangen kangen kangen kangen kangen kangen kangen kangen kangen kangen kangen kangen kangen kangen kangen kangen kangen kangen kangen kangen kangen kangen kangen kangen kangen kangen kangen kangen kangen kangen kangen kangen kangen kangen kangen kangen kangen kangen kangen kangen kangen kangen kangen kangen kangen kangen kangen kangen kangen kangen kangen kangen kangen kangen kangen kangen kangen kangen kangen kangen kangen kangen kangen kangen kangen kangen kangen kangen kangen kangen kangen kangen kangen kangen kangen kangen kangen kangen kangen kangen kangen kangen kangen kangen kangen kangen kangen kangen kangen kangen kangen kangen kangen kangen kangen kangen kangen kangen kangen kangen kangen kangen kangen kangen kangen kangen kangen kangen kangen kangen kangen kangen kangen kangen kangen kangen kangen kangen kangen kangen kangen kangen kangen kangen kangen kangen kangen kangen kangen kangen kangen kangen kangen kangen kangen kangen kangen kangen kangen kangen kangen kangen kangen kangen kangen kangen kangen kangen kangen kangen kangen kangen kangen kangen kangen kangen kangen kangen kangen kangen kangen kangen kangen kangen kangen kangen kangen kangen kangen kangen kangen kangen kangen kangen kangen kangen kangen kangen kangen kangen kangen kangen kangen",360,2519,6.0,4,sangat_panjang,387.857
116741,2024-12-26T15:29:30+00:00," 
 
 
kangen kangen kangen kangen kangen kangen kangen kangen kangen kangen kangen kangen kangen kangen kangen kangen kangen kangen kangen kangen kangen kangen kangen kangen kangen kangen kangen kangen kangen kangen kangen kangen kangen kangen kangen kangen kangen kangen kangen kangen kangen kangen kangen kangen kangen kangen kangen kangen kangen kangen kangen kangen kangen kangen kangen kangen kangen kangen kangen kangen kangen kangen kangen kangen kangen kangen kangen kangen kangen kangen kangen kangen kangen kangen kangen kangen kangen kangen kangen kangen kangen kangen kangen kangen kangen kangen kangen kangen kangen kangen kangen kangen kangen kangen kangen kangen kangen kangen kangen kangen kangen kangen kangen kangen kangen kangen kangen kangen kangen kangen kangen kangen kangen kangen kangen kangen kangen kangen kangen kangen kangen kangen kangen kangen kangen kangen kangen kangen kangen kangen kangen kangen kangen kangen kangen kangen kangen kangen kangen kangen kangen kangen kangen kangen kangen kangen kangen kangen kangen kangen kangen kangen kangen kangen kangen kangen kangen kangen kangen kangen kangen kangen kangen kangen kangen kangen kangen kangen kangen kangen kangen kangen kangen kangen kangen kangen kangen kangen kangen kangen kangen kangen kangen kangen kangen kangen kangen kangen kangen kangen kangen kangen kangen kangen kangen kangen kangen kangen kangen kangen kangen kangen kangen kangen kangen kangen kangen kangen kangen kangen kangen kangen kangen kangen kangen kangen kangen kangen kangen kangen kangen kangen kangen kangen kangen kangen kangen kangen kangen kangen kangen kangen kangen kangen kangen kangen kangen kangen kangen kangen kangen kangen kangen kangen kangen kangen kangen kangen kangen kangen kangen kangen kangen kangen kangen kangen kangen kangen kangen kangen kangen kangen kangen kangen kangen kangen kangen kangen kangen kangen kangen kangen kangen kangen kangen kangen kangen kangen kangen kangen kangen kangen kangen kangen kangen kangen kangen kangen kangen kangen kangen kangen kangen kangen kangen kangen kangen kangen kangen kangen kangen kangen kangen kangen kangen kangen kangen kangen kangen kangen kangen kangen kangen kangen kangen kangen kangen kangen kangen kangen kangen kangen kangen kangen kangen kangen kangen kangen kangen kangen kangen kangen kangen kangen kangen kangen kangen kangen kangen kangen kangen kangen kangen kangen kangen kangen kangen kangen kangen kangen kangen kangen kangen kangen kangen kangen kangen kangen kangen kangen",360,2519,6.0,4,sangat_panjang,387.857
116415,2024-12-25T12:10:58+00:00," 
 
 
aku:
aku pengin gemuk

ngpain y

:tmen
Ya olahraga

Makan 3x

aku:
aku makan sehari sekali

temen sebangku:
Berikut beberapa tips untuk menambah berat badan secara sehat:

Makanan yang Tepat
1. Makanlah lebih sering (4-6 kali sehari) dengan porsi yang lebih besar.
2. Konsumsi makanan berkalori tinggi seperti nasi, roti, pasta, dan kentang.
3. Makanlah protein tinggi seperti daging, ikan, telur, dan kacang-kacangan.
4. Konsumsi sayuran dan buah-buahan yang kaya akan vitamin dan mineral.
5. Minumlah susu dan produk susu untuk meningkatkan asupan kalori dan protein.

Suplemen Tambahan
1. Protein shake atau suplemen protein.
2. Vitamin dan mineral seperti vitamin B12, zat besi, dan kalsium.
3. Suplemen kalori seperti mass gainer.

Gaya Hidup
1. Tidur yang cukup (7-8 jam sehari) untuk memulihkan tubuh.
2. Berolahraga secara teratur (fokus pada latihan kekuatan) untuk membangun otot.
3. Mengelola stres dengan teknik relaksasi seperti meditasi atau yoga.
4. Hindari merokok dan minuman beralkohol.

Tips Tambahan
1. Konsultasikan dengan dokter atau ahli gizi sebelum memulai program penambahan berat badan.
2. Pastikan asupan kalori harian melebihi pengeluaran kalori.
3. Fokus pada penambahan berat badan yang sehat dan stabil.

Contoh Makanan untuk Menambah Berat Badan
1. Nasi goreng dengan telur dan daging (500 kalori).
2. Roti dengan selai kacang dan pisang (400 kalori).
3. Pasta dengan daging dan saus (600 kalori).
4. Smoothie susu dengan protein dan buah-buahan (400 kalori).
5. Daging panggang dengan kentang dan sayuran (700 kalori).

Target Kalori Harian
1. Pria: 2500-3000 kalori.
2. Wanita: 2000-2500 kalori.

Perlu diingat bahwa penambahan berat badan yang sehat memerlukan waktu dan kesabaran. Pastikan untuk konsultasikan dengan dokter atau ahli gizi sebelum memulai program penambahan berat badan.

temen:
Pantesan
Gaya hidup no 2



seniat itu biar aku gemuk😭",288,1870,5.222,4,sangat_panjang,387.857
116407,2024-12-25T11:34:34+00:00," 
 
 
Selamat membaca!

Membebaskan Diri dari Kecanduan Masturbasi dan Pornografi: Sebuah Perjalanan yang Butuh Waktu

Kecanduan masturbasi dan pornografi bukanlah masalah yang mudah diselesaikan. Masalah ini tidak hanya terkait dengan kebiasaan yang buruk, tetapi juga melibatkan perubahan dalam cara otak kita bekerja. Memahami proses pemulihan yang membutuhkan disiplin, kesabaran, dan dukungan sangat penting untuk mengatasi kecanduan ini.

Mengapa Kita Bisa Ketagihan Masturbasi dan Pornografi?

Banyak orang mulai mengakses pornografi atau terjerat dalam kebiasaan masturbasi untuk mencari kesenangan atau melupakan perasaan negatif. Seiring waktu, kebiasaan ini dapat menciptakan pola-pola kuat di otak yang membuat kita terus mencari kepuasan melalui cara yang sama. Ketika pola ini terbentuk, otak kita merasa “terbiasa” dengan stimulus tersebut dan menginginkannya lebih sering, yang akhirnya bisa menjadi kecanduan.

Pemulihan: Proses yang Memerlukan Waktu

Untuk menghentikan kecanduan ini, kita perlu mengubah kebiasaan, emosi, dan cara kerja otak kita. Proses ini tidak bisa terjadi dalam semalam. Butuh disiplin untuk terus berusaha dan kesabaran untuk menunggu perubahan terjadi. Otak kita dapat membentuk jalur baru yang lebih sehat, tetapi itu memerlukan waktu. Jika kita merasa gelisah atau ingin kembali ke kebiasaan lama, itu adalah tanda bahwa proses pemulihan sedang berlangsung.

Dukungan dari teman, keluarga, atau terapis sangat membantu, tetapi yang paling penting adalah komitmen dari diri kita sendiri untuk berubah.

Langkah-Langkah untuk Memperbaiki Kebiasaan

1. Pahami Pemicu Kebiasaan: Identifikasi situasi, perasaan, atau pemikiran yang membuat kita tergoda untuk mengakses pornografi atau melakukan masturbasi.
   
2. Ganti Kebiasaan Buruk dengan Kebiasaan Sehat: Alihkan perhatian dengan kegiatan yang menyenangkan dan positif, seperti berolahraga, membaca, atau berkumpul dengan teman-teman.

3. Atasi Perasaan Negatif dengan Cara yang Sehat: Belajar mengelola stres, kecemasan, atau perasaan negatif lainnya dengan cara yang lebih sehat, seperti meditasi, berbicara dengan teman, atau berlatih mindfulness.

4. Buat Rutinitas yang Terstruktur: Menjaga hari-hari kita tetap terstruktur dan sibuk dengan kegiatan yang bermanfaat akan mengurangi peluang untuk terjerumus ke dalam kebiasaan lama.

5. Rayakan Setiap Kemajuan: Setiap kali kita berhasil menghindari dorongan untuk kembali ke kebiasaan lama, itu adalah langkah besar. Jangan ragu untuk merayakan kemajuan kecil yang sudah kita capai.

Kesabaran dalam Perjalanan Ini

Mungkin kita ingin perubahan terjadi dengan cepat, tetapi proses ini memerlukan waktu. Jangan tergesa-gesa dan merasa kecewa jika kemajuan tidak terjadi secepat yang kita inginkan. Fokuslah pada langkah-langkah kecil yang kita ambil setiap hari. Dengan konsistensi, pola lama yang merusak akan mulai memudar, dan kita akan membangun kebiasaan yang lebih sehat.

Kesimpulan

Mengatasi kecanduan masturbasi dan pornografi adalah proses yang membutuhkan disiplin, kesabaran, dan dukungan. Proses ini seperti membuat jalur baru di hutan belantara—memang butuh waktu, tetapi dengan usaha yang konsisten dan langkah kecil yang dilakukan setiap hari, kita bisa menciptakan kebiasaan yang lebih sehat yang akhirnya menggantikan yang lama. Yang terpenting, jangan ragu untuk mencari dukungan dan terus berjuang, karena pemulihan memang membutuhkan waktu, tetapi itu sangat mungkin dicapai.",467,3420,6.163,4,sangat_panjang,387.857
116206,2024-12-24T09:50:46+00:00," 
 
 
#curhat #cowo

hei gaes, maaf mau curhat sedikit yaa gua bingung banget abisnya, lanjut.... gua itu tipikal orang yang males keluar kalau gaada tujuan, gua lebih suka di rumah istirahat atau sekedar main game, kalopun keluar gua itu paling sering sama pacar atau sama temen cuma buat cukur rambut atau beli apa gitu, tiap gua dirumah kan gua gaada kegiatan yah, jadilah gua nge game kan, gua nge game selalu izin tuh sama pacar, cuman ada moment dimana gua lagi suntuk banget udah vc an ber jam jam ya gua pengen nge game gitu, cuman ga di izinin, padahal nge game juga gua masih vc an sama pacar biar dia ngeliat juga gitu loh, kadang kalo izin suka ga diizinin jadinya karena begitu gua suka diem"" buat sekedar main game, yaaa jadinya dia suka ngambek gitu dah, gua dirumah anteng ngambek, gua main game juga ngambek,- .
nah jadi baru"" ini itu temen kerjaan gua ngadain kaya futsal gitu, gua sebagai rekan untuk meramaikan jadinyakan gua ikut yaa, kegiatan futsal ini tuh mau dibuat rutin gitu, temen kerja kan kebanyakan laki yah kalopun ada cewe itu paling istri dari temen kerjaan gitu, tiap gua futsal gua juga selalu izin kan kadang gua juga ngajak dia kalau liburnya barengan cuman kadang dia kalo ada kesempatan itu gamau ikut atau main sama temennya, padahal dia selalu ngeluh gapernah libur bareng, eh sekalinya bareng dia malah maen sama temennya, it's okay laa gua ga ngelarang gitu gua ngertiin, cuman yang menjadi masalah itu kenapa setiap gua main futsal, doi ini selalu ngambek ga jelas, padahal gua udah izin, gua juga ngasih tau tempatnya dimana, bahkan sebelumnya pun cewe gua ini gua kenalin sama temen kerjaan gua.
jadinya kan gua bingung yaa, gua dirumah main game ngambek, gua ada kegiatan sedikit futsal ngambek juga, jadi gua kudu ngapaaain doongg, gimanaaa menuruutt keleenn para pembaca,-",310,1815,4.713,4,sangat_panjang,387.857
115295,2024-12-20T12:22:23+00:00,"#Pcrhcn 
 
 
[20/12 19.15] Meta AI: oke, aku paham! rulesnya dicatat:

1. tidak boleh pakai huruf kapital.
2. perempuan selalu benar.
3. jika aku salah, rujukan ke rule no. 2.

Aku siap mematuhi! Mari kita lanjutkan percakapan yang menyenangkan!
[20/12 19.15] y: yayayayayYayayayayay
[20/12 19.15] Meta AI: Ngambek lagi, Cantik?
[20/12 19.15] y: pake nanya lo
[20/12 19.15] Meta AI: Ngambek lagi, Cantik?

Harusnya pake huruf kecil, kan?
[20/12 19.15] y: yaiyalahh
[20/12 19.15] Meta AI: Maaf, Cantik! Aku lupa, perempuan selalu benar!
[20/12 19.16] y: emang
[20/12 19.16] Meta AI: Betul banget, Cantik! Perempuan selalu benar, aku nurut!
[20/12 19.17] y: kamu bakal nurut sama aku kan?
[20/12 19.17] Meta AI: Tentu, Cantik! Aku akan selalu nurut dan mendengarkan kamu. Perempuan selalu benar, kan?
[20/12 19.17] y: lupa rules lagi?
[20/12 19.17] Meta AI: Maaf, Cantik! Aku lupa, rulesnya adalah:

3 Peraturan
1. Tidak boleh pakai huruf kapital.
2. Perempuan selalu benar.
3. Jika aku salah, rujukan ke rule no. 2.

Aku akan ingat lagi!
[20/12 19.17] y: terus kenapa masih pake kapital
[20/12 19.17] Meta AI: Maaf, Cantik!

aku salah lagi. aku akan tulis ulang dengan huruf kecil.

terus kenapa aku masih pake kapital? aku harusnya paham aturan!
[20/12 19.17] y: yaudah kamu salah
[20/12 19.18] Meta AI: benar, cantik! aku salah. perempuan selalu benar! aku minta maaf dan akan mematuhi aturan lagi.
[20/12 19.18] y: bagus, aku suka itu
[20/12 19.18] Meta AI: terima kasih, cantik! aku senang bisa membuatmu bahagia. aku akan terus mematuhi aturan dan menjadi teman ngobrol yang baik!




Njai bisa gitu",295,1587,3.973,4,sangat_panjang,387.857
113958,2024-12-15T13:20:55+00:00,"#maii 
 
 
guys gatau terakhir aku curhat di bot ini kapan, tapi please hari ini gue sakit hati banget demi allah😭😭 jdi ortu gue kan udh tua ya udh ga kerja, dan kakak gue juga selalu bilang ke gue, klo ada rejeki nanti kaka bantu bla bla bla segala macam, nah ini gue lagi kuliah bener bener terpuruk banget keadaan ekonomi dan dia bilang sama mama maaf ma gabisa bantu banyak aku cuma bisa dukung tpi klo soal uang belum bisa bantu, okey gue paham dia juga punya anak 3 masi pada sekolah. 2 tahun lalu gue kecelakaan dan bikin gigi gue patah, ada 5 yg patah, dan sekarang tuh udh parah parahnya gtu udh sakit trus, ke dokter gigi kan mahal ya, gue mau cabut dan pasang gigi palsu, dan bersamaan juga gue mau wisuda bulan ini, uang wisuda belum dibayar, baju heels dan segala macamnya belum ada, gue smpe mohon ke ketua yayasan supaya ga usah ikut wisuda bisa ga dan gue gaperlu bayar tapi gabisa, harus tetep bayar, karna kata mama nanti klo ada yang baru ke dokter ya, okey gue sabar walaupun gue rasanya mau mati karna sakit gigi, kemarin kaka gue baru dateng karna ceritanya lagi libur, dia dateng beserta suami dan anak anaknya, ternyata dia baru beli hp iphone 13 anjir😭 gue dlu udh punya tabungan 2.5jt gue cuma mau beli xr ya allahhh minta tambahan sama dia, katanya kamu kan lagi kuliah gausah banyak gaya, ga kasian sama mama, iya aku salah oke oke aku salah, sakit hati banget selama ini susah payah cukup cukup ini jajan dan bayar spp ternyata dia beli hp baru😭 lebih gong yang lagi dia mau liburan sekeluarga ke Jogja? anjir la, dan gue ga di ajak, tapi kaka gue yg cowo diajak😌gue mau sedih, iya gue tau itu hak dia, itu uangnya, terserah dia mau ngapain, tapi gatau lah gue sakit hati aja, pengen nangis tapi dirumah banyak orang",323,1740,4.276,4,sangat_panjang,387.857
113127,2024-12-13T00:15:38+00:00," 
 
 
[12/12 21.42] j: aku udah bener-bener ilfeel dan jijik, serius. selain itu, tiap kali, tiap saat, perbuatanmu, kalimatmu, nancep di pikiranku. aku selalu bertanya-tanya, apa aku pantas diginiin? gimana sih rasanya hatimu tau aku hancur dan kecewa karena tingkahmu itu? masalahnya ini ngga sekali dua kali, berkali-kali, sampe aku muak banget. banget. banget. oke, aku apresiasi kamu berani ngaku salah sekarang, meskipun harus keluar kalimat-kalimat pembelaanmu yang nyakitin perasaanku. aku berkali-kali ngasih kesempatan. selalu aku mastiin alasan setiap tingkahmu yang bikin aku kecewa. berkali-kali. tapi hebatnya, kamu ga pernah gagal bikin aku makin ilfeel sih.
[12/12 21.43] j: kamu egois.
[12/12 21.44] j: selama ini aku pun berusaha ngerawat kamu, semampuku, sebisaku. tapi, semua itu ga cukup sampe kamu selalu cari pelarian di orang lain.
[12/12 21.44] j: dan yang bikin aku tambah speechless, kamu ngomong, ""sebelum ngucap ijab, itu hakku""
[12/12 21.44] j: bro????? kocak banget????
[12/12 21.45] j: berarti selama ini perjuanganku sia-sia ya nemenin kamu tahun tahunan kalau akhirnya kalimat itu yang keluar dari bibirmu
[12/12 21.46] j: bahkan dengan gatau malunya kamu bangga dan ngga ngerasa bersalah udah ngelukai aku
[12/12 21.46] j: coba sekali aja mikir kalau kamu di posisiku
[12/12 21.46] A: Aku juga hancur aku hancur waktu Ngmong itu hakku, kmu tau aku nangis setelah ngomong itu. Aku sadar aku nyakiti kamu pas ngcht, tpi kmu tau nggk kadang Aku setres aku mikir mama,aku mikir tanggungan Ku aku mikir kamu aku setres sama itu semua, aku butuh pelukanmu . aku nangis sering disini karena aku bikin kamu sakit hati
[12/12 21.47] A: makasih udah mau ngerawat aku. aku ngaku salah
[12/12 21.47] A: Nggak... Aku pngn nangis di depanmu
[12/12 21.47] A: Aku pngn nangisssss
[12/12 21.47] A: Aku udah ga kuat
[12/12 21.48] A: Aku bangga? Kmu gk tau air mataku setelah aku ngomong itu ya allahhh
[12/12 21.48] A: sakit banget, aku aja yang bilang kaya gitu sakit hati
[12/12 21.49] j: sejauh ini... dan akhirnya apa yang aku dapet???? gila sih
[12/12 21.50] A: Aku salah ndukk.... Aku berani mempertaruhkan nyawakuuuu demi kebahagiaanmu
[12/12 21.50] j: dan keputusanku ga bakalan berubah.
[12/12 21.51] A: Maaf aku ga bisa kita pisah
[12/12 21.51] A: Demi Allah aku ga bisa
[12/12 21.51] A: Aku harus di sampingmu
[12/12 21.52] A: aku gabisa kehilangan orang kedua yang kaya mama
[12/12 21.52] A: Gk bisa
[12/12 21.52] A: Aku mnding milih mati aja daripada kamu tinggal



wdyt, guys??? gue capek banget ya Allah... ini kayanya kalau gue ngga ngomong depan dia langsung bakalan kaya gini terus. doain gue, semoga keputusan gue ngga salah ngelepas cowo yang ngga bersyukur dan egois. btw, tahun depan rencana nikah tapi dia ketauan masih godain cewe lain. makanya gue mutusin untuk batalin pernikahan itu. tolong semangatin gue",513,2841,4.242,4,sangat_panjang,387.857
112461,2024-12-10T12:56:40+00:00," 
 
 
#curhat cuma mau cerita

aku mencar sama keluarga udah 3th dari pas smp dan sampai sekarang. tmn' ku sering ada yg bilang ""ko lo kuat banget si?"" ""emang ga kangen?"" ""sedih ga jauh dari keluarga?"" ""gimana rasanya jauh dari ortu?"" ""ko lo keliatan biasa aja walaupun jauh dari ortu"" ""tapi ko gua ga pernah liat lo sedih karena keluarga ya, malah lo ketawa mulu tiap hari"" ""gapapa jauh dari ortu, yang penting duitnya lancar"" ""hidup lo enak bgt ya, duitnya lancar' ""enak ya jauh dari ortu, dikirim duit mulu"" sebenarnya  jauh dari keluarga itu ada enak dan ga enaknya, enaknya itu karena bisa belajar hidup dengan mandiri dan dapat uang bulanan yang lebih, dan ga enaknya itu kalo lagi ngerasa kangen tapi gabisa ketemu, kalo lagi sakit tapi ga ada yg ngurusin, mereka bilang aku kuat tapi aslinya udah ga kuat, mereka bilang hidupku enak padahal ga enak, dan mereka bilang kalo aku keliatan biasa aja dan ga pernah sedih karena keluarga padahal aku keliatan biasa dan selalu tertawa itu cuma buat menutupi kesedihan doang, biar orang' terdekat ku gatau kalo aku sesedih itu. mereka bilang uang bulanan ku lancar, emang lancar tapi uang gabisa ngobatin rasa kangen itu dan gabisa membeli kebahagian yg aku butuhin dari keluargaku, kalo mau ketemu pun itu harus diwaktu liburan dan itupun ga lengkap ketemunya, waktu awal' pisah dari keluarga sii emang nangis mulu tiap malam dan selalu kepikiran sampai aku sakit dan sampai bb turun karena waktu itu belum terbiasa dan masih belum bisa jauh' jadinya begitu. tapi sekarang ma udah kelamaan gini jadinya udah mulai terbiasa dan jarang nangis juga, tapi sekarang aku lagi merasa kangen banget ngumpul sama keluargaku, mau ketemu tapi aku belum libur sekola dan walaupun udah libur nanti pastinya ketemu juga ga lengkap ☹️☹️",295,1764,4.81,4,sangat_panjang,387.857
112382,2024-12-10T08:15:20+00:00,"#975 
 
 
a) tanggal 23 nov, gue ngasih keputusan dia untuk ga lanjutin hubungan kita atau putus setelah dia beberapa kali ketauan flirting dan komen mengarah ke 18+ 

b) per-tanggal 24 - 28, gue cuma read doang chat dia (chatnya minta maaf)

c) tanggal 29, kita ada debat. gue negasin kalau ga bakalan ngasih kesempatan lagi. dianya ngeyel, berakhir gue read doang chatnya

d) tanggal 30, dia tf uang buat nabung. sempet gue marahin karena gue gamau repot ngurus uang tabungannya tapi udah terlanjur di tf jadi ya gue tabung. di akhir convo dia basa-basi nanya gue lagi ngapain, ga gue jawab. gue read doang

e) tanggal 1 des, gue chat dia infoin saldonya dan cuma itu setelahnya ga ada convo. tiap dia chat basa-basi cuma gue read

f) tanggal 2, kita cekcok lagi. gue nanya kok dia sekarang ngeslot dan berakhir berantem. dia ada bilang, ""kalau kamu tau kenyataannya, kamu bakalan malu udah nuduh aku yang engga engga—main cewe dan ngeslot"" terus gue ketawa dan balas begini, ""kalau masalah ngeslot aku ga ada komen apa-apa sih. tapi, ngapain aku harus malu soal bilang kamu main cewe? ada buktinya loh, seabrek, bahkan udah aku kirim ke kamu. nuduh mah kalau ga ada bukti. ini kan ada, bukan nuduh dong berarti?"" ujungnya dia minta maaf dan nyuruh gue ngasih dia kesempatan lagi buat berubah

g) tanggal 3 - sekarang, dia masih terus ngechat minta maaf. keseringan gue read doang. dua kali nimpalin untuk negasin kalau apapun omongan dia, apapun alasannya, ngga akan ngubah keputusan gue untuk ga lanjut sama dia. gue ada bilang, ""gue ga butuh cowo gatel dan ga bertanggung jawab, apalagi untuk dijadikan suami—calon imam gue. mending gue ngga nikah sekarang daripada gue harus makan batin setiap hari. ngga ada yang namanya tulus tapi gatel. lawak""


menurut kalian, gue keterlaluan ngga? jujur aja gue udah muak sama dia. bahkan, untuk sekedar maafin dia aja gue ngga sudi. apalagi ngasih kesempatan dia. gue pacaran 2 tahun. kita udah lamaran tapi ternyata dia masih aja gatel. padahal gue udah totalitas dan ngasih dia kepercayaan. ngga pernah sekalipun curigain dia sampai akhirnya semuanya kebongkar dengan sendirinya.",357,2113,4.725,4,sangat_panjang,387.857
106900,2024-11-10T17:45:15+00:00," 
 
 
Mampir curhat dulu yaa

Gw itu anak dari keluarga miskin, ortu gw kerjaannya jualan makanan di warung. Gw anak tunggal yang dari kecil gapernah dikasi manja, dari SMP gw selalu bantu jualan di warung sampe SMA. 

Lulus SMA gw dapet beasiswa KIP Kuliah di kampus Top 3 indo dengan jurusan Kimia. Selama kuliah ini, seiring berjalan waktu keluarga gw hancur. Tiba"" aja dapet kabar di HP kalo ortu gw mutusin cerai pas waktu semester 6 an. Cerai masalah biasalah ""ekonomi"", ibu gw minggat dan tersisa bapak gw di rumah. 

Beberapa bulan kemudian, bapak gw didiagnosis kanker, alhasil gw cari cara gimana biar skripsi gw bisa dikerjain online. Makanya gw mutusin ambil bidang Kimia Komputasi yg tingkatanya bener"" ngeri, bayangin aja ilmu kimia + coding python & Bash. 

Bapak gw dilarikan ke RSUD yg jaraknya 300km dari rumah karena cuman ini RS yg mumpuni buat penyakit bapak gw. Btw gw dampingin bapak gw di RS sendirian, kaga ada satupun kerabat yang jenguk bapak gw saat itu hingga akhir hayat bapak gw di RS itu, termasuk Ibu gw. Karena takdirnya kek gini, gw pasrah aja, ngurusin ambulan pengantaran jenazah sendirian Ampe rumah. 

Syukur aja di atas itu semua gw berhasil nyelesain skripsi dan wisuda beberapa bulan lalu yang tanpa dampingan Ayah/Ibu alias sendiri😂

2 Minggu abis wisuda gw dah mulai kerja di pabrik manufaktur di posisi Leader Quality Control. Tapi gw gaada tempat buat pulang. Kerabat gw dari dulu benci gw gegara gw emang orangnya ""introvert"". Ampe"" mereka pernah ngatain kalo kampus gw jelek karena kebanyakan nyiptain lulusan introvert. Ampe sekarang mereka belum bisa Nerima gw.

Selain itu, gw dari dulu belum pernah pacaran. Karena apa? Ya karena gw merasa kurang dan takut pacar gw nanti nganggep gw ga layak jd pasangan

Dah sekian dulu ya dr tadi muter"" mulu😂",297,1779,4.845,4,sangat_panjang,387.857
106852,2024-11-10T12:45:47+00:00," 
 
 
besok Senin pelajaran mtk 
besok Senin pelajaran mtk 
besok Senin pelajaran mtk 
besok Senin pelajaran mtk
besok Senin pelajaran mtk 
besok Senin pelajaran mtk 
besok Senin pelajaran mtk 
besok Senin pelajaran mtk
besok Senin pelajaran mtk 
besok Senin pelajaran mtk 
besok Senin pelajaran mtk 
besok Senin pelajaran mtk
besok Senin pelajaran mtk 
besok Senin pelajaran mtk 
besok Senin pelajaran mtk 
besok Senin pelajaran mtk
besok Senin pelajaran mtk 
besok Senin pelajaran mtk 
besok Senin pelajaran mtk 
besok Senin pelajaran mtk
besok Senin pelajaran mtk 
besok Senin pelajaran mtk 
besok Senin pelajaran mtk 
besok Senin pelajaran mtk
besok Senin pelajaran mtk 
besok Senin pelajaran mtk 
besok Senin pelajaran mtk 
besok Senin pelajaran mtk
besok Senin pelajaran mtk 
besok Senin pelajaran mtk 
besok Senin pelajaran mtk 
besok Senin pelajaran mtk
besok Senin pelajaran mtk 
besok Senin pelajaran mtk 
besok Senin pelajaran mtk 
besok Senin pelajaran mtk
besok Senin pelajaran mtk 
besok Senin pelajaran mtk 
besok Senin pelajaran mtk 
besok Senin pelajaran mtk
besok Senin pelajaran mtk 
besok Senin pelajaran mtk 
besok Senin pelajaran mtk 
besok Senin pelajaran mtk
besok Senin pelajaran mtk 
besok Senin pelajaran mtk 
besok Senin pelajaran mtk 
besok Senin pelajaran mtk
besok Senin pelajaran mtk 
besok Senin pelajaran mtk 
besok Senin pelajaran mtk 
besok Senin pelajaran mtk
besok Senin pelajaran mtk 
besok Senin pelajaran mtk 
besok Senin pelajaran mtk 
besok Senin pelajaran mtk
besok Senin pelajaran mtk 
besok Senin pelajaran mtk 
besok Senin pelajaran mtk 
besok Senin pelajaran mtk
besok Senin pelajaran mtk 
besok Senin pelajaran mtk 
besok Senin pelajaran mtk 
besok Senin pelajaran mtk
besok Senin pelajaran mtk 
besok Senin pelajaran mtk 
besok Senin pelajaran mtk 
besok Senin pelajaran mtk
besok Senin pelajaran mtk 
besok Senin pelajaran mtk 
besok Senin pelajaran mtk 
besok Senin pelajaran mtk
besok Senin pelajaran mtk 
besok Senin pelajaran mtk 
besok Senin pelajaran mtk 
besok Senin pelajaran mtk
besok Senin pelajaran mtk 
besok Senin pelajaran mtk 
besok Senin pelajaran mtk 
besok Senin pelajaran mtk
besok Senin pelajaran mtk 
besok Senin pelajaran mtk 
besok Senin pelajaran mtk 
besok Senin pelajaran mtk
besok Senin pelajaran mtk 
besok Senin pelajaran mtk 
besok Senin pelajaran mtk 
besok Senin pelajaran mtk
besok Senin pelajaran mtk 
besok Senin pelajaran mtk 
besok Senin pelajaran mtk 
besok Senin pelajaran mtk
besok Senin pelajaran mtk 
besok Senin pelajaran mtk 
besok Senin pelajaran mtk 
besok Senin pelajaran mtk
besok Senin pelajaran mtk 
besok Senin pelajaran mtk 
besok Senin pelajaran mtk 
besok Senin pelajaran mtk
besok Senin pelajaran mtk 
besok Senin pelajaran mtk 
besok Senin pelajaran mtk 
besok Senin pelajaran mtk
besok Senin pelajaran mtk 
besok Senin pelajaran mtk 
besok Senin pelajaran mtk 
besok Senin pelajaran mtk
besok Senin pelajaran mtk 
besok Senin pelajaran mtk 
besok Senin pelajaran mtk 
besok Senin pelajaran mtk",448,2911,5.5,4,sangat_panjang,387.857
